geo_description,year,estimate,moe,se,cv,type,subtype
"Durham County, NC",2006,0.3831332515621831,0.061855168931334484,0.031558759658844124,8.237019243348573,Age,0 to 17
"Durham County, NC",2006,0.4577832748567534,0.05721875969406122,0.02919324474186797,6.377088536273619,Age,18 to 24
"Durham County, NC",2006,0.23250242064866317,0.029610291459138145,0.015107291560784768,6.4976921610693905,Age,25 to 44
"Durham County, NC",2006,0.17832042379856905,0.03512302982051242,0.017919913173730827,10.049276909510478,Age,45 to 64
"Durham County, NC",2006,0.2688025764180016,0.04714561310458589,0.02405388423703362,8.948531877026586,Age,65 plus
"Durham County, NC",2006,0.2962910525595466,0.027460554044487166,0.01401048675739141,4.728622965951926,Gender,Female
"Durham County, NC",2006,0.26776949645519,0.027840089533167148,0.014204127312840382,5.304609935365576,Gender,Male
"Durham County, NC",2006,0.4290677610408991,0.0535965838594523,0.027345195846659336,6.373164877342711,Race / Ethnicity,African American
"Durham County, NC",2006,0.5354546076174412,0.10742061451504473,0.05480643597706364,10.235496192838895,Race / Ethnicity,Hispanic / Latino
"Durham County, NC",2006,0.15011119517619276,0.02483687170709948,0.012671873319948714,8.441657735837174,Race / Ethnicity,"White, non-Hispanic"
"Durham County, NC",2006,0.28231711720386105,0.02360264330724595,0.012042164952676505,4.265474609526019,Total,None
"Forsyth County, NC",2006,0.439329972434003,0.0507829591700972,0.02590967304596796,5.897542774607794,Age,0 to 17
"Forsyth County, NC",2006,0.5312692894967674,0.06747918571337624,0.03442815597621237,6.480358766610365,Age,18 to 24
"Forsyth County, NC",2006,0.3206606848097516,0.04012717066488392,0.020473046257593837,6.384644961929313,Age,25 to 44
"Forsyth County, NC",2006,0.16506252104352673,0.032933964956217567,0.016803043345008963,10.179805348167454,Age,45 to 64
"Forsyth County, NC",2006,0.27014100562535626,0.043333668708971006,0.022109014647434186,8.184249775872962,Age,65 plus
"Forsyth County, NC",2006,0.3345682018459255,0.03385269644021958,0.017271783898071214,5.16241047498745,Gender,Female
"Forsyth County, NC",2006,0.30940000875990964,0.031132133854250715,0.015883741762372814,5.133723759748951,Gender,Male
"Forsyth County, NC",2006,0.5297507825960348,0.06557675594624136,0.0334575285440007,6.315711017932364,Race / Ethnicity,African American
"Forsyth County, NC",2006,0.6380740190617651,0.14276261624327427,0.07283806951187463,11.415300942510866,Race / Ethnicity,Hispanic / Latino
"Forsyth County, NC",2006,0.19040615943596176,0.029617954893652054,0.015111201476353088,7.936298658151,Race / Ethnicity,"White, non-Hispanic"
"Forsyth County, NC",2006,0.3224638662441658,0.028075183734229563,0.014324073333790594,4.442070828160503,Total,None
"Guilford County, NC",2006,0.43570133746990014,0.04510107003320001,0.023010750016938784,5.2813126878520205,Age,0 to 17
"Guilford County, NC",2006,0.6411445572278613,0.050918017753190534,0.025978580486321703,4.051906889554858,Age,18 to 24
"Guilford County, NC",2006,0.27805087576957954,0.03396990595505195,0.017331584670944873,6.2332422521508395,Age,25 to 44
"Guilford County, NC",2006,0.2153500555092978,0.03172303858792843,0.01618522376935124,7.515774133920498,Age,45 to 64
"Guilford County, NC",2006,0.3712086333585017,0.03800538804922943,0.01939050410674971,5.223613451905621,Age,65 plus
"Guilford County, NC",2006,0.37522676707170977,0.028724546794283868,0.014655381017491769,3.9057397562181304,Gender,Female
"Guilford County, NC",2006,0.32019634443690764,0.025468419646563843,0.012994091656410123,4.05816364932627,Gender,Male
"Guilford County, NC",2006,0.5498785425101215,0.0522975463734062,0.0266824216190848,4.852420954140734,Race / Ethnicity,African American
"Guilford County, NC",2006,0.5955813670145799,0.08919827438474923,0.045509323665688384,7.641159745109069,Race / Ethnicity,Hispanic / Latino
"Guilford County, NC",2006,0.22121908737424192,0.02234486512632752,0.011400441390983429,5.15346190344643,Race / Ethnicity,"White, non-Hispanic"
"Guilford County, NC",2006,0.3486572488205564,0.02452543421817158,0.012512976641924276,3.5889047723095917,Total,None
North Carolina,2006,0.4198804934339064,0.01338290675237136,0.006828013649169061,1.6261802479385394,Age,0 to 17
North Carolina,2006,0.47926185862751547,0.012937912320007716,0.006600975673473324,1.3773213024664317,Age,18 to 24
North Carolina,2006,0.29270360736553963,0.008380924231565409,0.004275981750798678,1.4608572095453085,Age,25 to 44
North Carolina,2006,0.22502488902527798,0.006521276360207114,0.0033271818164322007,1.4785839161366923,Age,45 to 64
North Carolina,2006,0.3819806876554754,0.010446780964899309,0.005329990288213933,1.395355959205267,Age,65 plus
North Carolina,2006,0.3549771336936509,0.006470384395791715,0.003301216528465161,0.9299800508598806,Gender,Female
North Carolina,2006,0.3152023317175901,0.007274237958740275,0.003711345897316467,1.177448744459701,Gender,Male
North Carolina,2006,0.5152281688314931,0.013454514684002003,0.006864548308164287,1.3323317169813669,Race / Ethnicity,African American
North Carolina,2006,0.5735703152293676,0.025258581044898927,0.012887031145356595,2.2468092931558257,Race / Ethnicity,Hispanic / Latino
North Carolina,2006,0.25296108559260677,0.006466053007952748,0.003299006636710586,1.3041557870381804,Race / Ethnicity,"White, non-Hispanic"
North Carolina,2006,0.3354702300081229,0.006129638259157613,0.003127366458753884,0.9322336764958725,Total,None
"Durham County, NC",2007,0.4184218855980104,0.05853137931757653,0.029862948631416596,7.137042697643873,Age,0 to 17
"Durham County, NC",2007,0.44618122903498164,0.06046498277324861,0.030849481006759497,6.914114489639552,Age,18 to 24
"Durham County, NC",2007,0.28404343045629465,0.037132446379338026,0.01894512570374389,6.669798936490083,Age,25 to 44
"Durham County, NC",2007,0.15112657044958985,0.029678278538758148,0.015141978846305177,10.019402148317774,Age,45 to 64
"Durham County, NC",2007,0.2717864772632689,0.047510887754526,0.02424024885435,8.91885758939707,Age,65 plus
"Durham County, NC",2007,0.29649921279791525,0.033714302785025796,0.017201174890319283,5.801423460116595,Gender,Female
"Durham County, NC",2007,0.31229673112883755,0.035693202132942844,0.018210817414766756,5.831254572835702,Gender,Male
"Durham County, NC",2007,0.4705877957286545,0.06459438496860247,0.03295631886153187,7.00322429962353,Race / Ethnicity,African American
"Durham County, NC",2007,0.5469647470800504,0.10956593183721317,0.055900985631231206,10.220217286334522,Race / Ethnicity,Hispanic / Latino
"Durham County, NC",2007,0.14632903859851593,0.021745576165473,0.01109468171707806,7.582009574680949,Race / Ethnicity,"White, non-Hispanic"
"Durham County, NC",2007,0.30421888121109214,0.029275048520205894,0.014936249245003008,4.9097048761542865,Total,None
"Forsyth County, NC",2007,0.43847164440551784,0.05305726149981611,0.0270700313774572,6.173724509405595,Age,0 to 17
"Forsyth County, NC",2007,0.510492096262287,0.06673091541022506,0.034046385413380134,6.669326648279263,Age,18 to 24
"Forsyth County, NC",2007,0.27146105741898807,0.04505391313602771,0.02298669037552434,8.46776719802038,Age,25 to 44
"Forsyth County, NC",2007,0.1826397501263148,0.03318605471710479,0.016931660569951424,9.27052328873719,Age,45 to 64
"Forsyth County, NC",2007,0.29483831141079825,0.04589591422743487,0.023416282769099427,7.942075999910853,Age,65 plus
"Forsyth County, NC",2007,0.34959737142273445,0.032583435302542506,0.016624201684970665,4.755242185407801,Gender,Female
"Forsyth County, NC",2007,0.2774088421570436,0.0341727039945273,0.017435053058432296,6.284966594021599,Gender,Male
"Forsyth County, NC",2007,0.4814939983684885,0.06334143739084311,0.0323170598932873,6.711830262223742,Race / Ethnicity,African American
"Forsyth County, NC",2007,0.5720514253773058,0.1419356422266974,0.07241614399321297,12.659026930218683,Race / Ethnicity,Hispanic / Latino
"Forsyth County, NC",2007,0.20014451911265266,0.0339512667784964,0.01732207488698796,8.65478353531036,Race / Ethnicity,"White, non-Hispanic"
"Forsyth County, NC",2007,0.3149504053451853,0.02924506691353276,0.01492095250690447,4.737556216367183,Total,None
"Guilford County, NC",2007,0.44714913253760485,0.05324042321862414,0.02716348123399191,6.074814699927319,Age,0 to 17
"Guilford County, NC",2007,0.6040450736781278,0.05906009525926762,0.030132701662891646,4.988485623996364,Age,18 to 24
"Guilford County, NC",2007,0.2734496445170403,0.03641073565318738,0.018576905945503763,6.793538158849617,Age,25 to 44
"Guilford County, NC",2007,0.20071921388250052,0.028364532635635972,0.014471700324304069,7.209922779378605,Age,45 to 64
"Guilford County, NC",2007,0.3700559837138287,0.039874821052713984,0.02034429645546632,5.497626670238887,Age,65 plus
"Guilford County, NC",2007,0.37941556444171026,0.03105098838775272,0.01584234101415955,4.175458915996424,Gender,Female
"Guilford County, NC",2007,0.3072964272045746,0.030483068980524403,0.015552586214553268,5.06110219244415,Gender,Male
"Guilford County, NC",2007,0.5012833006217489,0.05302630059907386,0.027054234999527478,5.396995065658825,Race / Ethnicity,African American
"Guilford County, NC",2007,0.6048758897945635,0.12170514159183692,0.06209445999583516,10.265653011384627,Race / Ethnicity,Hispanic / Latino
"Guilford County, NC",2007,0.22306584194072962,0.03198269813274933,0.01631770312895374,7.3151958125841094,Race / Ethnicity,"White, non-Hispanic"
"Guilford County, NC",2007,0.34503777472527475,0.027562609518828884,0.014062555876953512,4.075656901088691,Total,None
North Carolina,2007,0.3992252244572989,0.012158544802278286,0.006203339184835861,1.553844497994482,Age,0 to 17
North Carolina,2007,0.4685280729053878,0.013441090389545256,0.006857699178339417,1.4636687906050458,Age,18 to 24
North Carolina,2007,0.27705374018835066,0.008411406847133922,0.004291534105680572,1.5489897746058363,Age,25 to 44
North Carolina,2007,0.216699906259151,0.0072973033376086925,0.003723113947759537,1.7180967043460889,Age,45 to 64
North Carolina,2007,0.3827811517189025,0.011947552805562141,0.00609569020691946,1.5924739709743767,Age,65 plus
North Carolina,2007,0.34324604633437955,0.007972111929750069,0.004067404045790851,1.1849820527367454,Gender,Female
North Carolina,2007,0.30230966897261347,0.006515537624725213,0.003324253890165925,1.0996187788049454,Gender,Male
North Carolina,2007,0.49990488177977915,0.014652816601924766,0.007475926837716717,1.495469860406375,Race / Ethnicity,African American
North Carolina,2007,0.5386193871554674,0.02537717540049005,0.01294753846963778,2.403838179315405,Race / Ethnicity,Hispanic / Latino
North Carolina,2007,0.24189211008357042,0.007417819398949313,0.0037846017341578125,1.5645825458508276,Race / Ethnicity,"White, non-Hispanic"
North Carolina,2007,0.3232586852865734,0.006576058374455413,0.0033551318237017413,1.037909258564041,Total,None
"Durham County, NC",2008,0.40707540971296624,0.05354141811733566,0.027317050059865133,6.7105625660677255,Age,0 to 17
"Durham County, NC",2008,0.6095522252083998,0.14967490517318335,0.07636474753733845,12.528007343625086,Age,18 to 24
"Durham County, NC",2008,0.2764677877816206,0.039600904638036255,0.02020454318267156,7.3081002835060636,Age,25 to 44
"Durham County, NC",2008,0.14386794710990683,0.031126911780733478,0.015881077439149734,11.038648815234366,Age,45 to 64
"Durham County, NC",2008,0.2086201809598741,0.04412154719837589,0.02251099346855913,10.790419874522533,Age,65 plus
"Durham County, NC",2008,0.3125200885682654,0.0382802431888281,0.01953073632083066,6.249433887692138,Gender,Female
"Durham County, NC",2008,0.29444690626676306,0.03946455239178724,0.02013497571009553,6.838236463538741,Gender,Male
"Durham County, NC",2008,0.46054656691960766,0.06334402055120597,0.032318377832247946,7.017396318554992,Race / Ethnicity,African American
"Durham County, NC",2008,0.5863087000645816,0.1013185900743609,0.05169315820120454,8.816713481398207,Race / Ethnicity,Hispanic / Latino
"Durham County, NC",2008,0.14754842948675548,0.045126432943771,0.023023690277434183,15.604158144903113,Race / Ethnicity,"White, non-Hispanic"
"Durham County, NC",2008,0.30368185623401833,0.036051429138282284,0.018393586295041984,6.0568604667866035,Total,None
"Forsyth County, NC",2008,0.42795818452732903,0.05991380061665901,0.030568265620744394,7.1428159866848695,Age,0 to 17
"Forsyth County, NC",2008,0.5154598227925451,0.08106015477413799,0.04135722182353979,8.023364769631067,Age,18 to 24
"Forsyth County, NC",2008,0.29609141005553247,0.041404975533740694,0.02112498751721464,7.134616810819542,Age,25 to 44
"Forsyth County, NC",2008,0.1831175926235631,0.03916674122195908,0.019983031235693408,10.912676903072196,Age,45 to 64
"Forsyth County, NC",2008,0.2701235270408042,0.04269043181254992,0.021780832557423427,8.063286006973124,Age,65 plus
"Forsyth County, NC",2008,0.3295917678052735,0.03598655230621268,0.018360485870516672,5.570674896638879,Gender,Female
"Forsyth County, NC",2008,0.30305742885656395,0.036634936733270014,0.018691294251668374,6.167575011175489,Gender,Male
"Forsyth County, NC",2008,0.49980188327428676,0.06535702324662876,0.033345420023790186,6.671727566398649,Race / Ethnicity,African American
"Forsyth County, NC",2008,0.5952598776373721,0.12917389567050608,0.0659050488114827,11.071643039854193,Race / Ethnicity,Hispanic / Latino
"Forsyth County, NC",2008,0.18464305768370562,0.028436576977265923,0.014508457641462205,7.8575700724774915,Race / Ethnicity,"White, non-Hispanic"
"Forsyth County, NC",2008,0.3168007370713659,0.032347737045983094,0.016503947472440356,5.209567258273929,Total,None
"Guilford County, NC",2008,0.3582480171756064,0.043895992587034714,0.022395914585221794,6.251511107246056,Age,0 to 17
"Guilford County, NC",2008,0.5488075042410937,0.06219826361145757,0.03173380796502937,5.782320343616979,Age,18 to 24
"Guilford County, NC",2008,0.2638823845533761,0.03236110129648091,0.0165107659675923,6.256865533308317,Age,25 to 44
"Guilford County, NC",2008,0.20624632178070154,0.0296414246537634,0.015123175843756838,7.332579661632497,Age,45 to 64
"Guilford County, NC",2008,0.3309820845724233,0.05103524010148864,0.02603838780688196,7.867008222067202,Age,65 plus
"Guilford County, NC",2008,0.33725365153726344,0.024553461717039274,0.012527276386244528,3.714496886584601,Gender,Female
"Guilford County, NC",2008,0.279326492242273,0.02690392092666049,0.013726490268704332,4.91413834703466,Gender,Male
"Guilford County, NC",2008,0.46583107466670337,0.041673781670950434,0.021262133505586957,4.5643441715003155,Race / Ethnicity,African American
"Guilford County, NC",2008,0.5794979079497908,0.11547243621943777,0.058914508275223355,10.166474713197388,Race / Ethnicity,Hispanic / Latino
"Guilford County, NC",2008,0.19029934770330284,0.025151405791255885,0.0128323498934979,6.7432442876813825,Race / Ethnicity,"White, non-Hispanic"
"Guilford County, NC",2008,0.30933137398971344,0.022073304684976452,0.01126189014539615,3.6407203059107265,Total,None
North Carolina,2008,0.3880775337739114,0.010702746639818256,0.005460585020315437,1.4070860962275384,Age,0 to 17
North Carolina,2008,0.46761983078249986,0.015417632333661209,0.007866138945745515,1.6821653890474604,Age,18 to 24
North Carolina,2008,0.28003983868977733,0.009279670381812804,0.004734525705006533,1.690661488436061,Age,25 to 44
North Carolina,2008,0.21308233918839933,0.006307126995609314,0.0032179219365353643,1.510177684735383,Age,45 to 64
North Carolina,2008,0.3597198867253529,0.009579318552868348,0.004887407424932831,1.3586703447019541,Age,65 plus
North Carolina,2008,0.33629494879597033,0.0068007341305986796,0.0034697623115299385,1.0317616496925257,Gender,Female
North Carolina,2008,0.2972106448637912,0.007252108396325987,0.0037000553042479526,1.2449269123397828,Gender,Male
North Carolina,2008,0.48320724225955203,0.013755902219880713,0.007018317459122813,1.4524445921596854,Race / Ethnicity,African American
North Carolina,2008,0.5718095108867989,0.028562804241338467,0.01457285930680534,2.548551402057796,Race / Ethnicity,Hispanic / Latino
North Carolina,2008,0.23483847845659725,0.006186531054376915,0.0031563933950902625,1.3440699394045963,Race / Ethnicity,"White, non-Hispanic"
North Carolina,2008,0.31717733299717243,0.005970848291619361,0.0030463511691935516,0.9604567704782072,Total,None
"Durham County, NC",2009,0.3722865900245387,0.04832321085338153,0.02465469941499058,6.622505369684549,Age,0 to 17
"Durham County, NC",2009,0.5912661635553201,0.10753600834482296,0.05486531038001172,9.279291419299762,Age,18 to 24
"Durham County, NC",2009,0.24431547963341432,0.03366319137995421,0.01717509764283378,7.029885158568066,Age,25 to 44
"Durham County, NC",2009,0.168249299166897,0.027834133719057588,0.014201088632172239,8.440503884705809,Age,45 to 64
"Durham County, NC",2009,0.2095667195816603,0.04271117403563405,0.021791415324303086,10.398318668061123,Age,65 plus
"Durham County, NC",2009,0.2904862199162664,0.024725760424390092,0.012615183889994944,4.342782213087875,Gender,Female
"Durham County, NC",2009,0.2891273600790248,0.03548326224555471,0.01810370522732383,6.261498469870058,Gender,Male
"Durham County, NC",2009,0.4506311090016464,0.04829411848602104,0.0246398563704189,5.467855165394025,Race / Ethnicity,African American
"Durham County, NC",2009,0.5737666904987343,0.11304608997596603,0.057676576518350016,10.05226993365821,Race / Ethnicity,Hispanic / Latino
"Durham County, NC",2009,0.12047974902330197,0.023737260066013757,0.012110846972456,10.052184761867029,Race / Ethnicity,"White, non-Hispanic"
"Durham County, NC",2009,0.2898229943043481,0.027307580711932355,0.013932439138740997,4.807223516609695,Total,None
"Forsyth County, NC",2009,0.3754857659286037,0.05770375263195333,0.029440690118343535,7.84069405281837,Age,0 to 17
"Forsyth County, NC",2009,0.4982318046999772,0.07678358306990707,0.03917529748464647,7.86286566114278,Age,18 to 24
"Forsyth County, NC",2009,0.2658695492006021,0.03802735864377365,0.019401713593762065,7.297456084044892,Age,25 to 44
"Forsyth County, NC",2009,0.210828504539243,0.036636575648050666,0.01869213043267891,8.866035678396425,Age,45 to 64
"Forsyth County, NC",2009,0.2603409456416854,0.054992690907623494,0.028057495361032397,10.777211894915952,Age,65 plus
"Forsyth County, NC",2009,0.31171489966751836,0.035347724236191924,0.018034553181730573,5.785592283515034,Gender,Female
"Forsyth County, NC",2009,0.2880109418194252,0.0316149994472819,0.016130101758817295,5.600517000125091,Gender,Male
"Forsyth County, NC",2009,0.37758585375844883,0.07048606772523675,0.035962279451651404,9.524265566012803,Race / Ethnicity,African American
"Forsyth County, NC",2009,0.5961909598781108,0.11350996817902641,0.057913249070931844,9.71387574926866,Race / Ethnicity,Hispanic / Latino
"Forsyth County, NC",2009,0.21671105041538635,0.031975128348269904,0.01631384099401526,7.5279229936568965,Race / Ethnicity,"White, non-Hispanic"
"Forsyth County, NC",2009,0.30034174297257993,0.02961917074055483,0.015111821806405525,5.031542288074547,Total,None
"Guilford County, NC",2009,0.39161053276178814,0.040042702661862585,0.020429950337684993,5.2169052230554485,Age,0 to 17
"Guilford County, NC",2009,0.5342857142857143,0.06883313541824733,0.035118946641962925,6.573064879511778,Age,18 to 24
"Guilford County, NC",2009,0.26368935846096997,0.033901641745695446,0.017296755992701758,6.559519919064895,Age,25 to 44
"Guilford County, NC",2009,0.22006366021565515,0.0649212995486395,0.03312311201461199,15.0516046048459,Age,45 to 64
"Guilford County, NC",2009,0.29434875586426407,0.046056459960070933,0.023498193857179047,7.983113021213176,Age,65 plus
"Guilford County, NC",2009,0.33258565737051793,0.025535234933572633,0.013028181088557467,3.9172408069429725,Gender,Female
"Guilford County, NC",2009,0.29841848249111835,0.038371897771138495,0.019577498862825764,6.560417672323108,Gender,Male
"Guilford County, NC",2009,0.47504129567704767,0.0494940924965394,0.02525208800843847,5.315766910842603,Race / Ethnicity,African American
"Guilford County, NC",2009,0.5527891285755013,0.12343718322655048,0.06297815470742371,11.392799071449538,Race / Ethnicity,Hispanic / Latino
"Guilford County, NC",2009,0.19860056300032256,0.025980415245729496,0.013255313900882396,6.674358672820513,Race / Ethnicity,"White, non-Hispanic"
"Guilford County, NC",2009,0.31624907218552545,0.02740187763863189,0.013980549815628514,4.42074018399868,Total,None
North Carolina,2009,0.37457180077228847,0.011436950776067678,0.005835178967381469,1.557826551638579,Age,0 to 17
North Carolina,2009,0.4554348153902632,0.014214088493580787,0.007252085966112647,1.5923433433384568,Age,18 to 24
North Carolina,2009,0.2684428749213868,0.00847428147002993,0.00432361299491323,1.6106268405072757,Age,25 to 44
North Carolina,2009,0.21012884567004114,0.007516567145285309,0.0038349832373904638,1.8250627252825724,Age,45 to 64
North Carolina,2009,0.3260634654000293,0.008180935785739689,0.004173946829459025,1.2801025789069131,Age,65 plus
North Carolina,2009,0.32195857293003766,0.005856294995169926,0.0029879056097805745,0.9280403943242267,Gender,Female
North Carolina,2009,0.2885945474959446,0.007005130861751724,0.003574046358036594,1.2384316990905093,Gender,Male
North Carolina,2009,0.45805639948344956,0.011543736913740998,0.005889661690684183,1.2857939977098796,Race / Ethnicity,African American
North Carolina,2009,0.554913738054805,0.024483845377641582,0.012491757845735502,2.251117063622198,Race / Ethnicity,Hispanic / Latino
North Carolina,2009,0.22548576455534228,0.006558112647145737,0.003345975840380478,1.4838967093903863,Race / Ethnicity,"White, non-Hispanic"
North Carolina,2009,0.30566185787490957,0.005643793110296389,0.002879486280763464,0.9420495906106406,Total,None
"Durham County, NC",2010,0.4279043780181187,0.052664073357338796,0.026869425182315713,6.2793059764342924,Age,0 to 17
"Durham County, NC",2010,0.5504913472719396,0.0753341878001983,0.03843581010214199,6.982091597373449,Age,18 to 24
"Durham County, NC",2010,0.2913358553100741,0.03712376715687381,0.01894069752901725,6.501327311345978,Age,25 to 44
"Durham County, NC",2010,0.18706016973395634,0.031786064347680935,0.01621737976922497,8.66960603761341,Age,45 to 64
"Durham County, NC",2010,0.26089037817137384,0.04720443463093326,0.02408389521986391,9.231423323723984,Age,65 plus
"Durham County, NC",2010,0.32643985356547445,0.02975794137016935,0.015182623148045587,4.650971069315343,Gender,Female
"Durham County, NC",2010,0.3135873208799371,0.035595420172472136,0.01816092865942456,5.791346604341129,Gender,Male
"Durham County, NC",2010,0.47396487992086456,0.05824126783403131,0.029714932568383323,6.269437637097641,Race / Ethnicity,African American
"Durham County, NC",2010,0.5123474503316847,0.10411938097450422,0.05312213315025726,10.368380503478045,Race / Ethnicity,Hispanic / Latino
"Durham County, NC",2010,0.1701288528750269,0.02915395867097909,0.014874468709683208,8.743060602783045,Race / Ethnicity,"White, non-Hispanic"
"Durham County, NC",2010,0.32038448865508506,0.028428771479570878,0.01450447524467902,4.527208949960758,Total,None
"Forsyth County, NC",2010,0.3810958872107556,0.05539472605430259,0.028262615333827852,7.416142834991529,Age,0 to 17
"Forsyth County, NC",2010,0.43909340345261233,0.06550763135594627,0.033422260895890954,7.611651788227772,Age,18 to 24
"Forsyth County, NC",2010,0.2719156019629462,0.04063993890293582,0.0207346627055795,7.625403822324621,Age,25 to 44
"Forsyth County, NC",2010,0.1749885976152727,0.03209272306166645,0.016373838296768597,9.357088701726655,Age,45 to 64
"Forsyth County, NC",2010,0.26172060666292185,0.039782090085353654,0.020296984737425333,7.755210793763158,Age,65 plus
"Forsyth County, NC",2010,0.31216650612059355,0.030622157329351883,0.015623549657832594,5.004876997212839,Gender,Female
"Forsyth County, NC",2010,0.26208315586776165,0.03093884995669661,0.015785127528926843,6.022946219745418,Gender,Male
"Forsyth County, NC",2010,0.4324725700986368,0.0632151087891161,0.032252606525059235,7.45772304534902,Race / Ethnicity,African American
"Forsyth County, NC",2010,0.4827029081923589,0.12159822084516045,0.06203990859446962,12.852607171313432,Race / Ethnicity,Hispanic / Latino
"Forsyth County, NC",2010,0.18735445147083182,0.027190060776782064,0.013872479988154114,7.404403727398942,Race / Ethnicity,"White, non-Hispanic"
"Forsyth County, NC",2010,0.2884134458084982,0.02671372716843133,0.013629452636954762,4.725664782634474,Total,None
"Guilford County, NC",2010,0.41753746704389183,0.04542760374381201,0.02317734884888368,5.550962650843322,Age,0 to 17
"Guilford County, NC",2010,0.599007926184158,0.06860722060948662,0.03500368398443195,5.843609484003802,Age,18 to 24
"Guilford County, NC",2010,0.2673385068073364,0.03668153472116554,0.01871506873528854,7.000513677880299,Age,25 to 44
"Guilford County, NC",2010,0.22719144154837076,0.03099101444334151,0.015811742062929342,6.959655678562568,Age,45 to 64
"Guilford County, NC",2010,0.26982118477573175,0.036519959488665515,0.018632632392176284,6.9055483570214236,Age,65 plus
"Guilford County, NC",2010,0.3593727510026881,0.02658544624906158,0.013564003188296724,3.7743549421740283,Gender,Female
"Guilford County, NC",2010,0.3004212800199667,0.03144343251878259,0.01604256761162377,5.340023719543949,Gender,Male
"Guilford County, NC",2010,0.5197882579403272,0.05855964386755374,0.02987736932018048,5.747988505660023,Race / Ethnicity,African American
"Guilford County, NC",2010,0.46666287080794855,0.11461071022349265,0.05847485215484319,12.530427384035029,Race / Ethnicity,Hispanic / Latino
"Guilford County, NC",2010,0.21063121674219204,0.020688532625516697,0.010555373788528928,5.011305518615729,Race / Ethnicity,"White, non-Hispanic"
"Guilford County, NC",2010,0.3313828287492389,0.025357452433275876,0.012937475731263203,3.9040875413170957,Total,None
North Carolina,2010,0.3774630404322538,0.00991978304285107,0.005061113797372995,1.3408236715248287,Age,0 to 17
North Carolina,2010,0.4792995488181305,0.017619877403547264,0.008989733369156767,1.8755981288369434,Age,18 to 24
North Carolina,2010,0.27922988479484856,0.00907206715704464,0.0046286056923697146,1.6576326333301936,Age,25 to 44
North Carolina,2010,0.2233085308185629,0.006211365953775426,0.0031690642621303193,1.4191416022100691,Age,45 to 64
North Carolina,2010,0.3261421350464184,0.008254184565422876,0.004211318655827998,1.291252556260055,Age,65 plus
North Carolina,2010,0.3278666766972293,0.006574517836286847,0.003354345834840228,1.0230822688753518,Gender,Female
North Carolina,2010,0.2994924032296341,0.005946352440308842,0.0030338532858718583,1.012998411030035,Gender,Male
North Carolina,2010,0.47623681923443606,0.013297214747504215,0.006784293238522559,1.4245629410654346,Race / Ethnicity,African American
North Carolina,2010,0.5144121359078577,0.028178373340767157,0.014376721092228142,2.7947865317865133,Race / Ethnicity,Hispanic / Latino
North Carolina,2010,0.23298703116462696,0.005739669123730782,0.002928402614148358,1.2568951153676746,Race / Ethnicity,"White, non-Hispanic"
North Carolina,2010,0.3140486446143522,0.005469576777111707,0.0027906003964855647,0.8885885815276761,Total,None
"Durham County, NC",2011,0.45211856089285213,0.06460617744046991,0.03296233542881118,7.2906397303655375,Age,0 to 17
"Durham County, NC",2011,0.544036522731596,0.09569535699209072,0.04882416173065853,8.974427210422094,Age,18 to 24
"Durham County, NC",2011,0.3235480637440419,0.03769138737446138,0.01923029968084764,5.943568154393495,Age,25 to 44
"Durham County, NC",2011,0.21430929196237003,0.036183391992060505,0.018460914281663524,8.614145524266407,Age,45 to 64
"Durham County, NC",2011,0.2704709522172568,0.058434611697485365,0.029813577396676207,11.022838923097494,Age,65 plus
"Durham County, NC",2011,0.3454971100559472,0.0338882740559956,0.0172899357428549,5.004364794847371,Comparison Community,None
"Durham County, NC",2011,0.3398540625434212,0.03810527454360517,0.01944146660388019,5.720533825131564,Gender,Female
"Durham County, NC",2011,0.35169771863997445,0.037349609949077,0.019055923443406633,5.418267572816923,Gender,Male
"Durham County, NC",2011,0.5046207331563275,0.0569834527034358,0.029073190154814185,5.761394299628894,Race / Ethnicity,African American
"Durham County, NC",2011,0.6683896555647665,0.10987936161691791,0.05606089878414179,8.387457573198413,Race / Ethnicity,Hispanic / Latino
"Durham County, NC",2011,0.17646853892950926,0.03677707268951977,0.018763812596693758,10.632950615740636,Race / Ethnicity,"White, non-Hispanic"
"Forsyth County, NC",2011,0.5183648807241376,0.05134372198718332,0.026195776524073126,5.053539986636159,Age,0 to 17
"Forsyth County, NC",2011,0.6575376744703331,0.0658402754025896,0.033591977246219186,5.1087532396190936,Age,18 to 24
"Forsyth County, NC",2011,0.36960239418554935,0.046248560159129586,0.023596204162821217,6.384213017563775,Age,25 to 44
"Forsyth County, NC",2011,0.25052989012890386,0.0369411614598646,0.018847531357073774,7.5230669471719525,Age,45 to 64
"Forsyth County, NC",2011,0.31784562867437893,0.04698038623507304,0.023969584813812776,7.541266152937635,Age,65 plus
"Forsyth County, NC",2011,0.3968625884629665,0.030863827899146882,0.01574685096895249,3.9678345671078334,Comparison Community,None
"Forsyth County, NC",2011,0.4170806491244939,0.03548821068186705,0.018106229939728085,4.341181969898483,Gender,Female
"Forsyth County, NC",2011,0.37437466579525874,0.0339412556738394,0.017316967180530305,4.625571322713583,Gender,Male
"Forsyth County, NC",2011,0.5991942723271955,0.06758367509674454,0.03448146688609415,5.754638934075998,Race / Ethnicity,African American
"Forsyth County, NC",2011,0.7088949409158051,0.1048517568946427,0.053495794334001374,7.546364241913109,Race / Ethnicity,Hispanic / Latino
"Forsyth County, NC",2011,0.2458894087294711,0.03371692321676653,0.017202511845289047,6.996036118097038,Race / Ethnicity,"White, non-Hispanic"
"Guilford County, NC",2011,0.38490749671958774,0.049390778316601255,0.025199376692143498,6.5468656513338095,Age,0 to 17
"Guilford County, NC",2011,0.5972437044889731,0.05738897326709621,0.0292800884015797,4.902536130813296,Age,18 to 24
"Guilford County, NC",2011,0.34118459471428464,0.04140352094094985,0.02112424537803564,6.191441731337706,Age,25 to 44
"Guilford County, NC",2011,0.25262934989764946,0.03249378499100647,0.01657846173010534,6.5623656700308,Age,45 to 64
"Guilford County, NC",2011,0.32458565743419265,0.04196664528457502,0.02141155371661991,6.5965803559761245,Age,65 plus
"Guilford County, NC",2011,0.3561785540725565,0.026509195466592236,0.013525099727853183,3.7972807664040347,Comparison Community,None
"Guilford County, NC",2011,0.3859044942526088,0.030121588150548495,0.0153681572196676,3.9823732163139245,Gender,Female
"Guilford County, NC",2011,0.32329444342984315,0.03086551843356684,0.015747713486513694,4.8710127274213555,Gender,Male
"Guilford County, NC",2011,0.47527531038975684,0.04972192028422433,0.025368326675624657,5.337606671556528,Race / Ethnicity,African American
"Guilford County, NC",2011,0.6161156911615677,0.12067512305691697,0.06156894033516172,9.993081042796575,Race / Ethnicity,Hispanic / Latino
"Guilford County, NC",2011,0.2296635406352708,0.028471673554971152,0.014526364058658751,6.3250631852480685,Race / Ethnicity,"White, non-Hispanic"
North Carolina,2011,0.33923438687769863,0.0099950291075353,0.005099504646701683,1.5032393070871573,Age,0 to 17
North Carolina,2011,0.44863850838720404,0.013710886763738049,0.0069953503896622695,1.5592398465324848,Age,18 to 24
North Carolina,2011,0.2510558744147575,0.007770668161866337,0.003964626613197111,1.5791809781145927,Age,25 to 44
North Carolina,2011,0.20673600963182323,0.006833942186859091,0.003486705197377087,1.6865495293183663,Age,45 to 64
North Carolina,2011,0.28408746407300317,0.010716049755577413,0.005467372324274191,1.9245383959882216,Age,65 plus
North Carolina,2011,0.29736174344824035,0.00600856624630505,0.0030655950236250255,1.0309312112836169,Gender,Female
North Carolina,2011,0.2704722251254738,0.005980116303200866,0.0030510797465310544,1.1280565851505229,Gender,Male
North Carolina,2011,0.4162786673149346,0.01323031917170564,0.006750162842706959,1.6215490662172558,Race / Ethnicity,African American
North Carolina,2011,0.42406394513468804,0.02493113513099838,0.012719966903570601,2.999539821648969,Race / Ethnicity,Hispanic / Latino
North Carolina,2011,0.2189842108169902,0.006614574015364447,0.0033747826609002284,1.5411077576367398,Race / Ethnicity,"White, non-Hispanic"
North Carolina,2011,0.2843063868638084,0.005385578772385846,0.0027477442716254317,0.966472931521474,Total,None
"Durham County, NC",2012,0.42308726105586036,0.06535457767177515,0.03334417228151793,7.881157234161085,Age,0 to 17
"Durham County, NC",2012,0.615003445673219,0.08732958375993526,0.04455591008159962,7.244822837183635,Age,18 to 24
"Durham County, NC",2012,0.3017867144002372,0.047195791922478025,0.024079485674733687,7.9789747280918615,Age,25 to 44
"Durham County, NC",2012,0.20221129451561373,0.0427290382021947,0.0218005296949973,10.781064305640935,Age,45 to 64
"Durham County, NC",2012,0.3300993454497126,0.06264617726189284,0.03196233533770043,9.682641234612682,Age,65 plus
"Durham County, NC",2012,0.3367432638955818,0.03551998204996996,0.018122439821413244,5.381678496479946,Gender,Female
"Durham County, NC",2012,0.35147973327339477,0.035699051063047306,0.018213801562779238,5.182034649096489,Gender,Male
"Durham County, NC",2012,0.43872772025935963,0.05276476472285646,0.02692079832798799,6.136106082395115,Race / Ethnicity,African American
"Durham County, NC",2012,0.5868282570562908,0.11908310709561702,0.06075668729368215,10.353401793985892,Race / Ethnicity,Hispanic / Latino
"Durham County, NC",2012,0.1917615213177467,0.03733730303355689,0.019049644404875964,9.934028617404904,Race / Ethnicity,"White, non-Hispanic"
"Durham County, NC",2012,0.343799778999182,0.031007239367314747,0.015820020085364667,4.60152130737766,Total,None
"Forsyth County, NC",2012,0.47824665086020623,0.0474668741386336,0.024217792927874286,5.063870888445231,Age,0 to 17
"Forsyth County, NC",2012,0.5783532166350763,0.06341216563854203,0.03235314573395002,5.594011549237028,Age,18 to 24
"Forsyth County, NC",2012,0.3569177485452453,0.043504668086569234,0.022196259227841447,6.218872364378288,Age,25 to 44
"Forsyth County, NC",2012,0.24205555026102057,0.03732159111695141,0.019041628120893574,7.8666356133375315,Age,45 to 64
"Forsyth County, NC",2012,0.29028387831462504,0.04574775573706563,0.023340691702584508,8.040643468765644,Age,65 plus
"Forsyth County, NC",2012,0.37528351915151903,0.029836075625547104,0.015222487564054645,4.056263274889147,Gender,Female
"Forsyth County, NC",2012,0.3613745954740076,0.03189067707132335,0.016270753607818034,4.502461936062778,Gender,Male
"Forsyth County, NC",2012,0.549194236984036,0.05732337085993775,0.02924661778568253,5.325368661239733,Race / Ethnicity,African American
"Forsyth County, NC",2012,0.7205815846599132,0.10622464831471191,0.05419624914015914,7.521181541953739,Race / Ethnicity,Hispanic / Latino
"Forsyth County, NC",2012,0.21103039416156266,0.03389655484265334,0.017294160634006805,8.195104170997556,Race / Ethnicity,"White, non-Hispanic"
"Forsyth County, NC",2012,0.368670042085685,0.02708325825831771,0.013817988907304955,3.7480639406261886,Total,None
"Guilford County, NC",2012,0.41527161358976356,0.054229096320728996,0.027667906286086223,6.66260475810385,Age,0 to 17
"Guilford County, NC",2012,0.5863366267008896,0.06151148449871995,0.03138341045853059,5.35245608569842,Age,18 to 24
"Guilford County, NC",2012,0.31538268839704103,0.039627768551048395,0.020218249260738976,6.410703568892739,Age,25 to 44
"Guilford County, NC",2012,0.21873404196815072,0.03108319025087655,0.015858770536161505,7.250252586870158,Age,45 to 64
"Guilford County, NC",2012,0.2889944211351376,0.03949262612910586,0.020149299045462175,6.972210386040668,Age,65 plus
"Guilford County, NC",2012,0.36227767321378396,0.03196010111920165,0.016306174040409006,4.5010154492149885,Gender,Female
"Guilford County, NC",2012,0.3185205493108691,0.028244930621492654,0.014410678888516661,4.524254061376792,Gender,Male
"Guilford County, NC",2012,0.49165478281625835,0.05493833947782992,0.02802976503970914,5.701106959470879,Race / Ethnicity,African American
"Guilford County, NC",2012,0.6561544911151381,0.1338014461603641,0.06826604395936944,10.403958958407939,Race / Ethnicity,Hispanic / Latino
"Guilford County, NC",2012,0.19381812808553686,0.027912084395066594,0.014240859385238058,7.347537367068783,Race / Ethnicity,"White, non-Hispanic"
"Guilford County, NC",2012,0.3412326914355695,0.02598223642821661,0.01325624307562072,3.8848103972252974,Total,None
North Carolina,2012,0.42084036737304426,0.011546693912443473,0.005891170363491568,1.3998586685648138,Age,0 to 17
North Carolina,2012,0.4912304634212885,0.01268757798818405,0.0064732540756041075,1.3177631595808672,Age,18 to 24
North Carolina,2012,0.31524660823280976,0.00805908184210393,0.004111776450053025,1.3043047387892837,Age,25 to 44
North Carolina,2012,0.24580044711317264,0.00833331989525345,0.0042516938241089035,1.7297339667373826,Age,45 to 64
North Carolina,2012,0.3292197004616016,0.011901750690519547,0.00607232178087732,1.844458813480259,Age,65 plus
North Carolina,2012,0.3561611911014664,0.007718989939655417,0.00393826017329358,1.105752190774658,Gender,Female
North Carolina,2012,0.325567523104629,0.006060256757164251,0.003091967733247067,0.9497162689207757,Gender,Male
North Carolina,2012,0.5016512072587649,0.014884152716961188,0.007593955467837341,1.5137919251373753,Race / Ethnicity,African American
North Carolina,2012,0.5711326914433063,0.02864487797443882,0.01461473366042797,2.558903365082317,Race / Ethnicity,Hispanic / Latino
North Carolina,2012,0.2533355100338316,0.006701439545828413,0.003419101809096129,1.3496338545826152,Race / Ethnicity,"White, non-Hispanic"
North Carolina,2012,0.34125335438236903,0.006168240391124055,0.0031470614240428855,0.9222067369092152,Total,None
"Durham County, NC",2013,0.4689812988242721,0.06187676915162433,0.03156978017940017,6.731564831805673,Age,0 to 17
"Durham County, NC",2013,0.5867221244600864,0.07695451458144777,0.03926250743951417,6.691840277140448,Age,18 to 24
"Durham County, NC",2013,0.3203516271662371,0.03733850905988981,0.019050259724433576,5.94667175345671,Age,25 to 44
"Durham County, NC",2013,0.20176801735764968,0.03687635532347803,0.018814467001774506,9.32480144681423,Age,45 to 64
"Durham County, NC",2013,0.18366010932539034,0.0517652045669766,0.026410818656620715,14.380269484555683,Age,65 plus
"Durham County, NC",2013,0.33689464400256575,0.034830866595683456,0.01777085030392013,5.27489843494953,Gender,Female
"Durham County, NC",2013,0.3419276952594477,0.03577044564004623,0.018250227367370527,5.337452221740222,Gender,Male
"Durham County, NC",2013,0.40482735563439143,0.05546589473478082,0.028298925885092256,6.990368978584946,Race / Ethnicity,African American
"Durham County, NC",2013,0.7186598227738196,0.09481498702746462,0.0483749933813595,6.731278394643795,Race / Ethnicity,Hispanic / Latino
"Durham County, NC",2013,0.1450815273477812,0.031176753686014524,0.01590650698266047,10.963840313405507,Race / Ethnicity,"White, non-Hispanic"
"Durham County, NC",2013,0.33931965723188784,0.027681708038703443,0.01412332042790992,4.162246461972044,Total,None
"Forsyth County, NC",2013,0.48600199309369857,0.05042792077508965,0.025728531007698802,5.293914710909114,Age,0 to 17
"Forsyth County, NC",2013,0.5802146794313896,0.07497510298688577,0.038252603564737635,6.592836224382531,Age,18 to 24
"Forsyth County, NC",2013,0.3236982212941807,0.043855157260123276,0.022375080234756775,6.912327211839092,Age,25 to 44
"Forsyth County, NC",2013,0.20101198346677218,0.03244529228004054,0.016553720551041092,8.235190890386624,Age,45 to 64
"Forsyth County, NC",2013,0.24292080493994925,0.03724305515775416,0.019001558753956205,7.822120776626542,Age,65 plus
"Forsyth County, NC",2013,0.36008296866980266,0.03038299950041189,0.015501530357353006,4.304988490463142,Gender,Female
"Forsyth County, NC",2013,0.3296621891439849,0.03642063524291446,0.01858195675658901,5.636666068632173,Gender,Male
"Forsyth County, NC",2013,0.5526443781852016,0.06146658117780142,0.03136050060091909,5.674625824278193,Race / Ethnicity,African American
"Forsyth County, NC",2013,0.7163253052238308,0.10295408787751692,0.05252759585587598,7.332924786101566,Race / Ethnicity,Hispanic / Latino
"Forsyth County, NC",2013,0.17902948754652162,0.027679878576896574,0.014122387029028865,7.888302213544067,Race / Ethnicity,"White, non-Hispanic"
"Forsyth County, NC",2013,0.3455536022290036,0.029744295306366405,0.015175660870595105,4.391695173398298,Total,None
"Guilford County, NC",2013,0.44757963489334496,0.04110220883236036,0.020970514710387942,4.68531476312256,Age,0 to 17
"Guilford County, NC",2013,0.5550390286209888,0.0665378339389626,0.033947874458654395,6.11630402694364,Age,18 to 24
"Guilford County, NC",2013,0.33257090576395243,0.040851875612317866,0.020842793679754012,6.267172900129611,Age,25 to 44
"Guilford County, NC",2013,0.22684037497807033,0.028931790197475646,0.014761117447691657,6.5072707841885205,Age,45 to 64
"Guilford County, NC",2013,0.29528300487862746,0.04222433859260437,0.021543029894185904,7.295722929614899,Age,65 plus
"Guilford County, NC",2013,0.37598568608281085,0.027610446910871063,0.014086962709628094,3.746675267452985,Gender,Female
"Guilford County, NC",2013,0.3253968253968254,0.027270123726652894,0.013913328431965763,4.275803371774844,Gender,Male
"Guilford County, NC",2013,0.48843718996551233,0.04699574894472766,0.0239774229309835,4.90900845053926,Race / Ethnicity,African American
"Guilford County, NC",2013,0.5796986097845697,0.10815224259754531,0.05517971561099251,9.51869034695437,Race / Ethnicity,Hispanic / Latino
"Guilford County, NC",2013,0.22182332748093603,0.02536672322469571,0.012942205726885567,5.83446559649947,Race / Ethnicity,"White, non-Hispanic"
"Guilford County, NC",2013,0.3518061272949768,0.02428629469141524,0.012390966679293491,3.5221008725934184,Total,None
North Carolina,2013,0.42118078128805814,0.011394213528507623,0.005813374249238583,1.3802562955175874,Age,0 to 17
North Carolina,2013,0.4938361908731737,0.013548148941146237,0.006912320888339917,1.3997193838948772,Age,18 to 24
North Carolina,2013,0.3131126504199707,0.009373015921790406,0.0047821509805053095,1.527294082206874,Age,25 to 44
North Carolina,2013,0.24290680164381964,0.006795536416459597,0.003467110416561019,1.4273418418496697,Age,45 to 64
North Carolina,2013,0.30286624476060486,0.009417958454469329,0.004805080844117004,1.5865356167093145,Age,65 plus
North Carolina,2013,0.3512124473809567,0.006860964034678507,0.00350049185442781,0.9966878681355108,Gender,Female
North Carolina,2013,0.3213899244519317,0.006630019282377329,0.003382662899172107,1.0525105617236084,Gender,Male
North Carolina,2013,0.5023024003525133,0.013411475148380122,0.0068425893614184295,1.36224500552184,Race / Ethnicity,African American
North Carolina,2013,0.5517558389546633,0.0258845724593014,0.013206414520051736,2.3935251043418284,Race / Ethnicity,Hispanic / Latino
North Carolina,2013,0.2485044821650395,0.006269068972663361,0.0031985045778894702,1.2871013633328532,Race / Ethnicity,"White, non-Hispanic"
North Carolina,2013,0.33667492339925514,0.006039910701550156,0.003081587092627631,0.9153004511040601,Total,None
"Durham County, NC",2014,0.40754403762796276,0.06323721692073611,0.03226388618404904,7.916662545681007,Age,0 to 17
"Durham County, NC",2014,0.5817453695978642,0.08890007841355245,0.04535718286405737,7.796741535804721,Age,18 to 24
"Durham County, NC",2014,0.2782276735643065,0.04106959096374053,0.020953872940683942,7.531196545709855,Age,25 to 44
"Durham County, NC",2014,0.20994137584917738,0.044206793108795016,0.022554486279997458,10.743230670356605,Age,45 to 64
"Durham County, NC",2014,0.20151639718644376,0.05467008767309477,0.02789290187402794,13.84150484202103,Age,65 plus
"Durham County, NC",2014,0.318381115185364,0.034578260888018436,0.017641969840825732,5.541148328020159,Gender,Female
"Durham County, NC",2014,0.30769121288890156,0.04131840196916423,0.02108081733120624,6.851290010292857,Gender,Male
"Durham County, NC",2014,0.4024544763421786,0.058384188583039016,0.029787851317877048,7.40154553345073,Race / Ethnicity,African American
"Durham County, NC",2014,0.5700143251816229,0.12153188610553632,0.062006064339559346,10.877983517309401,Race / Ethnicity,Hispanic / Latino
"Durham County, NC",2014,0.1508145287800169,0.029515996595164774,0.015059181936308558,9.985232893758123,Race / Ethnicity,"White, non-Hispanic"
"Durham County, NC",2014,0.31326798053031074,0.031148769038622993,0.01589222910133826,5.073046110373411,Total,None
"Forsyth County, NC",2014,0.47593947590479824,0.06221557790531096,0.03174264178842396,6.669470257342851,Age,0 to 17
"Forsyth County, NC",2014,0.5337979473497945,0.0768766444130918,0.039222777761781534,7.347869724212163,Age,18 to 24
"Forsyth County, NC",2014,0.3288679649047721,0.04696026245221879,0.02395931757766265,7.285391140058405,Age,25 to 44
"Forsyth County, NC",2014,0.2285349472132543,0.037076036576972955,0.01891634519233314,8.277222115478736,Age,45 to 64
"Forsyth County, NC",2014,0.2627399329834008,0.0425416051634012,0.02170490059357204,8.260982769963368,Age,65 plus
"Forsyth County, NC",2014,0.3683176798754688,0.03408365876252525,0.01738962181761492,4.7213649432996245,Gender,Female
"Forsyth County, NC",2014,0.32667151582325976,0.03555528219736183,0.018140450100694813,5.553116577972291,Gender,Male
"Forsyth County, NC",2014,0.4834601211128591,0.06532397372693208,0.03332855802394494,6.893755362330022,Race / Ethnicity,African American
"Forsyth County, NC",2014,0.6548173837650374,0.1168958735540147,0.05964075181327281,9.107997632920691,Race / Ethnicity,Hispanic / Latino
"Forsyth County, NC",2014,0.22277850889740802,0.03620668485161882,0.01847279839368307,8.29200199117501,Race / Ethnicity,"White, non-Hispanic"
"Forsyth County, NC",2014,0.34853454138604306,0.03180910880062497,0.016229137143176007,4.656392757698103,Total,None
"Guilford County, NC",2014,0.4393515738914144,0.048208561301105124,0.0245962047454618,5.5982967188688715,Age,0 to 17
"Guilford County, NC",2014,0.5832315050797752,0.06307140965314016,0.032179290639357226,5.517412958505337,Age,18 to 24
"Guilford County, NC",2014,0.30593722425311987,0.030794602816277442,0.015711532049121145,5.135541151449446,Age,25 to 44
"Guilford County, NC",2014,0.23069910417624145,0.03419878243350063,0.017448358384439096,7.563253635830986,Age,45 to 64
"Guilford County, NC",2014,0.24886955526300727,0.04590015508825389,0.023418446473598923,9.409928204697488,Age,65 plus
"Guilford County, NC",2014,0.3678699417649694,0.028933463274787723,0.014761971058565165,4.01282338745592,Gender,Female
"Guilford County, NC",2014,0.3095314373962903,0.031235723464834914,0.01593659360450761,5.148618744048325,Gender,Male
"Guilford County, NC",2014,0.47383437062484557,0.05181701925474718,0.026437254721809786,5.579429513934789,Race / Ethnicity,African American
"Guilford County, NC",2014,0.6431905616824827,0.11183997617139889,0.05706121233234637,8.871587322905276,Race / Ethnicity,Hispanic / Latino
"Guilford County, NC",2014,0.19725947895429075,0.02641795020436184,0.013478546022633592,6.832901564013996,Race / Ethnicity,"White, non-Hispanic"
"Guilford County, NC",2014,0.34009324374007527,0.02672263375880722,0.01363399681571797,4.008899637576479,Total,None
North Carolina,2014,0.4463192669945264,0.012560415459886773,0.006408375234636109,1.4358276033632895,Age,0 to 17
North Carolina,2014,0.5021548431098145,0.012273412759602847,0.0062619452855116565,1.2470148145404332,Age,18 to 24
North Carolina,2014,0.3261287861576908,0.00921039859692646,0.00469918295761554,1.4408979388110121,Age,25 to 44
North Carolina,2014,0.24750735980966831,0.007405166163562459,0.0037781460018175813,1.526478244817832,Age,45 to 64
North Carolina,2014,0.29180388014974096,0.008606935903784824,0.004391293828461645,1.5048784910633215,Age,65 plus
North Carolina,2014,0.3621710500544496,0.006702366649024384,0.0034195748209308085,0.9441877865215075,Gender,Female
North Carolina,2014,0.32830932230630716,0.0073646367969647675,0.0037574677535534527,1.14449011900058,Gender,Male
North Carolina,2014,0.5009458536329037,0.012782047369067013,0.006521452739319904,1.3018278706222943,Race / Ethnicity,African American
North Carolina,2014,0.5958306286961814,0.028450578977869,0.014515601519320919,2.436195928880745,Race / Ethnicity,Hispanic / Latino
North Carolina,2014,0.2559682844302698,0.006705460778460305,0.0034211534583981147,1.336553653907891,Race / Ethnicity,"White, non-Hispanic"
North Carolina,2014,0.3456966458212837,0.006020839068409943,0.0030718566675560933,0.8885989218258613,Total,None
"Durham County, NC",2015,0.4524498338052444,0.06668841273645384,0.034024700375741755,7.520104514037147,Age,0 to 17
"Durham County, NC",2015,0.6249391766957537,0.07119864747402853,0.03632584054797374,5.812700163884696,Age,18 to 24
"Durham County, NC",2015,0.328158916658369,0.05082894216092881,0.025933133755575922,7.902614385631248,Age,25 to 44
"Durham County, NC",2015,0.218175904057475,0.04061863081733697,0.02072379123333519,9.49866178983534,Age,45 to 64
"Durham County, NC",2015,0.27926988265971314,0.0640719301888115,0.032689760300414025,11.705437045012866,Age,65 plus
"Durham County, NC",2015,0.36602720613882106,0.04647977325310153,0.023714170027092616,6.478799834922292,Gender,Female
"Durham County, NC",2015,0.3406106551676172,0.038242755662647315,0.019511610031962917,5.728420334461087,Gender,Male
"Durham County, NC",2015,0.4390310362680182,0.06848334600034084,0.03494048265323512,7.958545015460997,Race / Ethnicity,African American
"Durham County, NC",2015,0.6796159746622458,0.1281672438527156,0.06539145094526307,9.621823703858814,Race / Ethnicity,Hispanic / Latino
"Durham County, NC",2015,0.18129610571219823,0.039401121671589295,0.02010261309774964,11.088276286343346,Race / Ethnicity,"White, non-Hispanic"
"Durham County, NC",2015,0.35390509677740367,0.03794975820204714,0.019362121531656704,5.470992564946001,Total,None
"Forsyth County, NC",2015,0.47988420257683595,0.0599589121826,0.03059128172581633,6.3747215602327,Age,0 to 17
"Forsyth County, NC",2015,0.5105024545966682,0.06798045540301995,0.034683905817867323,6.7940722920264855,Age,18 to 24
"Forsyth County, NC",2015,0.31345202133813227,0.0472573417632122,0.024110888654700104,7.692050780776685,Age,25 to 44
"Forsyth County, NC",2015,0.20947263599020788,0.031473129230565555,0.016057718995186508,7.665783609051996,Age,45 to 64
"Forsyth County, NC",2015,0.256370130348332,0.041939371654125174,0.021397638599043457,8.346385193146459,Age,65 plus
"Forsyth County, NC",2015,0.35821765174902376,0.03383974728867459,0.01726517718809928,4.819744952210142,Gender,Female
"Forsyth County, NC",2015,0.31349621301843517,0.0353141808348006,0.018017439201428877,5.747258963019551,Gender,Male
"Forsyth County, NC",2015,0.4185379084142803,0.06997650435695425,0.03570229814130319,8.530242404223056,Race / Ethnicity,African American
"Forsyth County, NC",2015,0.6659089934382639,0.1172893445027735,0.05984150229733341,8.986438520428436,Race / Ethnicity,Hispanic / Latino
"Forsyth County, NC",2015,0.21922453191803037,0.03365089723198851,0.017168825118361486,7.831616730184663,Race / Ethnicity,"White, non-Hispanic"
"Forsyth County, NC",2015,0.33722491152422407,0.03033510503661549,0.015477094406436475,4.589546583756668,Total,None
"Guilford County, NC",2015,0.44964396443051347,0.05356310663106623,0.027328115628095017,6.07772321879308,Age,0 to 17
"Guilford County, NC",2015,0.5320871466152877,0.06455736120368406,0.03293742918555309,6.190232069140297,Age,18 to 24
"Guilford County, NC",2015,0.3247416378398982,0.040719933779580664,0.020775476418153402,6.397540074117622,Age,25 to 44
"Guilford County, NC",2015,0.19639723768139952,0.030750427349851464,0.015688993545842585,7.988398274365579,Age,45 to 64
"Guilford County, NC",2015,0.25051329118226934,0.03793127943696074,0.01935269359028609,7.725216294494087,Age,65 plus
"Guilford County, NC",2015,0.35388864339372517,0.030184819827160484,0.015400418279163513,4.351769565554976,Gender,Female
"Guilford County, NC",2015,0.3061422576395884,0.030492531551401313,0.015557414056837405,5.081759759919408,Gender,Male
"Guilford County, NC",2015,0.4723736308199185,0.05105711847719536,0.02604955024346702,5.514607197326348,Race / Ethnicity,African American
"Guilford County, NC",2015,0.5169871475540501,0.0999296615711002,0.050984521209745,9.861854680713249,Race / Ethnicity,Hispanic / Latino
"Guilford County, NC",2015,0.20737743143832835,0.03699997947134109,0.018877540546602598,9.102986962309137,Race / Ethnicity,"White, non-Hispanic"
"Guilford County, NC",2015,0.3312330797677078,0.0274672598583932,0.014013908091016939,4.230829873889657,Total,None
North Carolina,2015,0.43340787493455923,0.011383072146661784,0.005807689870745808,1.3400056174850812,Age,0 to 17
North Carolina,2015,0.4922053086205575,0.016481846435840677,0.008409105324408509,1.7084548210127317,Age,18 to 24
North Carolina,2015,0.3158679793424988,0.008968074143862043,0.004575548032582675,1.4485634289702292,Age,25 to 44
North Carolina,2015,0.24094051467676825,0.007357528419889614,0.0037538410305559254,1.5579949414451364,Age,45 to 64
North Carolina,2015,0.29872623028198536,0.008648770326450747,0.004412637921658544,1.4771511418643064,Age,65 plus
North Carolina,2015,0.35251684521055204,0.00675443550565824,0.003446140564111347,0.9775818123111333,Gender,Female
North Carolina,2015,0.3222804826925136,0.00650759639315439,0.003320202241405301,1.0302213195370853,Gender,Male
North Carolina,2015,0.4836583316700474,0.015521287786991194,0.007919024381117957,1.6373178879755823,Race / Ethnicity,African American
North Carolina,2015,0.5822427786708217,0.021068864976630537,0.010749420906444151,1.846209399279037,Race / Ethnicity,Hispanic / Latino
North Carolina,2015,0.25124568485312027,0.006384024144402817,0.003257155175715723,1.296402434780074,Race / Ethnicity,"White, non-Hispanic"
North Carolina,2015,0.3377793466452513,0.005740671535180537,0.0029289140485614985,0.8671086843085037,Total,None
"Durham County, NC",2016,0.5146817078136546,0.05810391565754713,0.029644854927319962,5.759842340861502,Age,0 to 17
"Durham County, NC",2016,0.5558945908460472,0.08872667621121257,0.045268712352659474,8.143398604358152,Age,18 to 24
"Durham County, NC",2016,0.3097147507791254,0.037071559429448446,0.018914060933392065,6.106929323130857,Age,25 to 44
"Durham County, NC",2016,0.2506932815325876,0.04560706536863376,0.023268910902364163,9.281824690359498,Age,45 to 64
"Durham County, NC",2016,0.20644043559564404,0.04521631924691074,0.02306955063617895,11.17491860042642,Age,65 plus
"Durham County, NC",2016,0.3588454482552862,0.03036934103251207,0.01549456175128167,4.317892793852211,Gender,Female
"Durham County, NC",2016,0.34177952429088815,0.03446111414821883,0.017582201096030012,5.144310833865466,Gender,Male
"Durham County, NC",2016,0.4723687268696476,0.049651213059459,0.02533225156094847,5.362813014490484,Race / Ethnicity,African American
"Durham County, NC",2016,0.5004516270780949,0.11315784138699297,0.05773359254438417,11.536298299490774,Race / Ethnicity,Hispanic / Latino
"Durham County, NC",2016,0.19475884020797762,0.033995988616101806,0.01734489215107235,8.905830478632042,Race / Ethnicity,"White, non-Hispanic"
"Durham County, NC",2016,0.350539246033039,0.026063549470850756,0.013297729321862631,3.793506568051811,Total,None
"Forsyth County, NC",2016,0.4632280637563173,0.06554795418662901,0.03344283376868827,7.219518070105741,Age,0 to 17
"Forsyth County, NC",2016,0.5421946765535941,0.09260426699987256,0.04724707499993498,8.714042583423403,Age,18 to 24
"Forsyth County, NC",2016,0.32703597772090925,0.048374870992632824,0.024681056628894298,7.5468934032563775,Age,25 to 44
"Forsyth County, NC",2016,0.23438088548188418,0.03364483032610531,0.017165729758216994,7.32386078451938,Age,45 to 64
"Forsyth County, NC",2016,0.2653553074605706,0.04001275292951786,0.020414669861998906,7.693333914201938,Age,65 plus
"Forsyth County, NC",2016,0.3743636801714283,0.03678304733798106,0.01876686088672503,5.013002564279559,Gender,Female
"Forsyth County, NC",2016,0.3149653223151753,0.032685656150590416,0.01667635517887266,5.294663887532732,Gender,Male
"Forsyth County, NC",2016,0.5285835953189565,0.06622378974650206,0.03378764782984799,6.392110562844831,Race / Ethnicity,African American
"Forsyth County, NC",2016,0.5006664832956013,0.11761563363919662,0.06000797634652889,11.985618839817414,Race / Ethnicity,Hispanic / Latino
"Forsyth County, NC",2016,0.23154551435887968,0.035419371446926695,0.018071107881085048,7.804559691480815,Race / Ethnicity,"White, non-Hispanic"
"Forsyth County, NC",2016,0.34617425476955566,0.03124983473600699,0.015943793232656628,4.605713166991645,Total,None
"Guilford County, NC",2016,0.47464401909832254,0.04925277759618449,0.025128968161318616,5.2942767948611085,Age,0 to 17
"Guilford County, NC",2016,0.551625031632985,0.06091412433286876,0.031078634863708553,5.634014608022036,Age,18 to 24
"Guilford County, NC",2016,0.3147376509006014,0.03727627678903713,0.01901850856583527,6.042654417549041,Age,25 to 44
"Guilford County, NC",2016,0.26533735624644716,0.0395091539770943,0.02015773162096648,7.597019849042229,Age,45 to 64
"Guilford County, NC",2016,0.30754621759456013,0.04082540420085802,0.020829287857580623,6.772734199267568,Age,65 plus
"Guilford County, NC",2016,0.3911803502058329,0.030151165187383415,0.015383247544583376,3.93252052064705,Gender,Female
"Guilford County, NC",2016,0.32945119294373476,0.026705550561302523,0.013625280898623736,4.135750967200391,Gender,Male
"Guilford County, NC",2016,0.5127454357561143,0.05243882549505388,0.02675450280359892,5.217891947520838,Race / Ethnicity,African American
"Guilford County, NC",2016,0.5981127924316132,0.09847214213268847,0.0502408888432084,8.399902071807439,Race / Ethnicity,Hispanic / Latino
"Guilford County, NC",2016,0.22133202426767895,0.03164602163301088,0.01614592940459739,7.2948907678495285,Race / Ethnicity,"White, non-Hispanic"
"Guilford County, NC",2016,0.3621138937837594,0.025343815311092584,0.012930518015863564,3.570842830898164,Total,None
North Carolina,2016,0.40746714044978594,0.010900328058097255,0.005561391866376151,1.3648687990489647,Age,0 to 17
North Carolina,2016,0.4656706204379562,0.014514208296499942,0.007405208314540787,1.5902245040875242,Age,18 to 24
North Carolina,2016,0.2962365478732828,0.008285682087415609,0.0042273888201100045,1.4270314890107005,Age,25 to 44
North Carolina,2016,0.23264738604649088,0.006552140664372622,0.0033429289103941947,1.4369080036541497,Age,45 to 64
North Carolina,2016,0.29268613455571585,0.00727708033190208,0.0037127960877051426,1.2685247606078083,Age,65 plus
North Carolina,2016,0.3359531712286262,0.005814964798814288,0.002966818774905249,0.8831048577559756,Gender,Female
North Carolina,2016,0.3036293646716103,0.006294547785581368,0.003211503972235392,1.0577053295582224,Gender,Male
North Carolina,2016,0.47564303013581044,0.01314304196040298,0.006705633653266827,1.4098038294290083,Race / Ethnicity,African American
North Carolina,2016,0.5056943960866743,0.02431136974680141,0.012403760074898679,2.452817387514161,Race / Ethnicity,Hispanic / Latino
North Carolina,2016,0.24030834056156952,0.00648321454982964,0.0033077625254232857,1.3764659677202515,Race / Ethnicity,"White, non-Hispanic"
North Carolina,2016,0.32024110230586605,0.005413815060528619,0.0027621505410860303,0.8625221813182081,Total,None
"Durham County, NC",2017,0.5061155566373566,0.06741429446140566,0.03439504819459473,6.795888358602572,Age,0 to 17
"Durham County, NC",2017,0.571869276005013,0.08731045009729066,0.044546148008821763,7.789568329324142,Age,18 to 24
"Durham County, NC",2017,0.2942790008168534,0.046858838008981246,0.023907570412745535,8.124117027169255,Age,25 to 44
"Durham County, NC",2017,0.2526279827604331,0.05045659180030698,0.02574315908178928,10.190145525644915,Age,45 to 64
"Durham County, NC",2017,0.28114838807249265,0.0648193308203677,0.03307108715324883,11.762858531745032,Age,65 plus
"Durham County, NC",2017,0.348997017911056,0.04051413259993553,0.02067047581629364,5.922823048752135,Gender,Female
"Durham County, NC",2017,0.36109034600598033,0.03943451679615568,0.02011965142661004,5.571916183623702,Gender,Male
"Durham County, NC",2017,0.4971574531489743,0.07335258079687046,0.037424786120852274,7.5277532065154125,Race / Ethnicity,African American
"Durham County, NC",2017,0.5860309847897125,0.11976360891030076,0.06110388209709223,10.426732320138047,Race / Ethnicity,Hispanic / Latino
"Durham County, NC",2017,0.15797373641376086,0.03182218643369309,0.016235809404945456,10.27753712327284,Race / Ethnicity,"White, non-Hispanic"
"Durham County, NC",2017,0.35480818881879206,0.036571721644884383,0.01865904165555326,5.258909530152592,Total,None
"Forsyth County, NC",2017,0.47087690332049165,0.055412220730282444,0.028271541188919613,6.004019519657186,Age,0 to 17
"Forsyth County, NC",2017,0.4850710004859349,0.08400015353673707,0.04285722119221279,8.835247035852326,Age,18 to 24
"Forsyth County, NC",2017,0.3260582639086868,0.03696262294816157,0.0188584810960008,5.783776454530272,Age,25 to 44
"Forsyth County, NC",2017,0.20356131528826096,0.03777433120445045,0.01927261796145431,9.467721278064335,Age,45 to 64
"Forsyth County, NC",2017,0.28182613318698657,0.03830127041311365,0.019541464496486558,6.933872411158247,Age,65 plus
"Forsyth County, NC",2017,0.34881018541908754,0.031049173814895657,0.015841415211681458,4.541557521506534,Gender,Female
"Forsyth County, NC",2017,0.322040352341007,0.03406610821691437,0.017380667457609373,5.397046466774781,Gender,Male
"Forsyth County, NC",2017,0.43981408456628496,0.05432032065064637,0.02771444931155427,6.301401042871192,Race / Ethnicity,African American
"Forsyth County, NC",2017,0.6120788589228625,0.10267535541949704,0.05238538541811074,8.55860068591466,Race / Ethnicity,Hispanic / Latino
"Forsyth County, NC",2017,0.2241209978393243,0.02924431690321812,0.014920569848580674,6.657372576610361,Race / Ethnicity,"White, non-Hispanic"
"Forsyth County, NC",2017,0.3361132727943969,0.027985440133483232,0.014278285782389405,4.2480577049760075,Total,None
"Guilford County, NC",2017,0.40471142520612485,0.055776083733710985,0.02845718557842397,7.031475714808484,Age,0 to 17
"Guilford County, NC",2017,0.5218128982185081,0.057564611425250545,0.029369699706760483,5.628396654630407,Age,18 to 24
"Guilford County, NC",2017,0.31585373878583595,0.04661305213662546,0.02378216945746197,7.529488031036867,Age,25 to 44
"Guilford County, NC",2017,0.22938123635938948,0.0333819580643879,0.017031611257340765,7.425023741111941,Age,45 to 64
"Guilford County, NC",2017,0.27085709939919383,0.04164863603130622,0.021249304097605212,7.845208467763891,Age,65 plus
"Guilford County, NC",2017,0.3484794288418946,0.031941875509849116,0.0162968752601271,4.676567369926735,Gender,Female
"Guilford County, NC",2017,0.3060434772180337,0.030608647252396207,0.015616656761426637,5.102757589667858,Gender,Male
"Guilford County, NC",2017,0.4670839592722417,0.05692117623420751,0.029041416446024242,6.217600897978459,Race / Ethnicity,African American
"Guilford County, NC",2017,0.43356345753735576,0.11566941902823645,0.059015009708283904,13.611619863788723,Race / Ethnicity,Hispanic / Latino
"Guilford County, NC",2017,0.2046593591969063,0.02694830783037486,0.01374913664815044,6.7180590724522675,Race / Ethnicity,"White, non-Hispanic"
"Guilford County, NC",2017,0.32833325425819615,0.02800623659986832,0.014288896224422611,4.351949136771278,Total,None
North Carolina,2017,0.3948407084377001,0.013838645049719187,0.007060533188632238,1.7881978827789191,Age,0 to 17
North Carolina,2017,0.4577098544320593,0.01456832373079487,0.007432818229997383,1.6239148355720365,Age,18 to 24
North Carolina,2017,0.2841534148990845,0.009011090031233793,0.004597494913894792,1.6179622249226062,Age,25 to 44
North Carolina,2017,0.23243504649677008,0.006400549116732916,0.0032655862840474063,1.4049457400103322,Age,45 to 64
North Carolina,2017,0.2972516567678167,0.009026291003849834,0.004605250512168283,1.549276650715338,Age,65 plus
North Carolina,2017,0.32701631836010836,0.006318994535295949,0.0032239768037224227,0.9858764296196985,Gender,Female
North Carolina,2017,0.3003094941196117,0.007210779703608891,0.0036789692365351485,1.2250592500648128,Gender,Male
North Carolina,2017,0.4522321023312439,0.015191897693842524,0.007750968211144145,1.7139358685922825,Race / Ethnicity,African American
North Carolina,2017,0.5259330189306983,0.024680818336846204,0.012592254253492962,2.394269574307186,Race / Ethnicity,Hispanic / Latino
North Carolina,2017,0.23347594393996052,0.00640399915392256,0.003267346507103347,1.399436041232394,Race / Ethnicity,"White, non-Hispanic"
North Carolina,2017,0.31401804988193316,0.006112059288821439,0.003118397596337469,0.9930631686649692,Total,None
