year,fmr1,fmr2,fmr3,fmr4,countyname
2006,543,622,808,911,NC
2007,564,647,840,947,NC
2008,587,673,875,988,NC
2009,598,686,892,1007,NC
2010,619,710,923,1042,NC
2011,616,707,919,1037,NC
2012,607,697,906,1024,NC
2013,599,732,976,1168,NC
2014,607,742,990,1184,NC
2015,620,758,1010,1209,NC
2016,652,789,1058,1268,NC
2017,675,811,1092,1317,NC
2017,668,838,1143,1238,Alamance
2017,565,680,872,1023,Alexander
2017,512,642,882,885,Alleghany
2017,556,642,897,1131,Anson
2017,483,642,935,1018,Ashe
2017,560,744,959,1173,Avery
2017,531,642,928,931,Beaufort
2017,556,642,818,907,Bertie
2017,483,642,806,885,Bladen
2017,765,883,1130,1258,Brunswick
2017,713,891,1194,1553,Buncombe
2017,565,680,872,1023,Burke
2017,784,907,1230,1560,Cabarrus
2017,565,680,872,1023,Caldwell
2017,824,1013,1330,1785,Camden
2017,663,819,1110,1443,Carteret
2017,522,642,926,1131,Caswell
2017,565,680,872,1023,Catawba
2017,834,978,1332,1481,Chatham
2017,556,642,929,1012,Cherokee
2017,568,655,953,1033,Chowan
2017,609,703,879,1021,Clay
2017,553,646,870,1103,Cleveland
2017,507,642,833,957,Columbus
2017,623,828,1170,1337,Craven
2017,679,833,1151,1427,Cumberland
2017,939,1130,1577,1968,Currituck
2017,672,893,1292,1497,Dare
2017,550,646,922,934,Davidson
2017,611,753,1038,1229,Davie
2017,534,642,868,1084,Duplin
2017,834,978,1332,1481,Durham
2017,589,743,1018,1139,Edgecombe
2017,611,753,1038,1229,Forsyth
2017,861,993,1294,1592,Franklin
2017,784,907,1230,1560,Gaston
2017,533,642,935,1108,Gates
2017,483,642,812,1131,Graham
2017,591,786,983,1137,Granville
2017,483,642,803,885,Greene
2017,655,763,1025,1228,Guilford
2017,568,662,861,1026,Halifax
2017,527,701,950,1235,Harnett
2017,596,746,937,1314,Haywood
2017,713,891,1194,1553,Henderson
2017,501,666,875,1050,Hertford
2017,512,680,990,1198,Hoke
2017,707,869,1087,1370,Hyde
2017,715,825,1055,1454,Iredell
2017,533,642,803,1001,Jackson
2017,861,993,1294,1592,Johnston
2017,503,669,885,1016,Jones
2017,607,710,898,979,Lee
2017,522,673,878,1089,Lenoir
2017,605,698,942,1230,Lincoln
2017,553,642,812,918,McDowell
2017,547,727,971,1089,Macon
2017,713,891,1194,1553,Madison
2017,522,642,864,885,Martin
2017,784,907,1230,1560,Mecklenburg
2017,522,642,852,1012,Mitchell
2017,527,642,882,1006,Montgomery
2017,584,674,930,1071,Moore
2017,589,743,1018,1139,Nash
2017,710,915,1292,1611,New Hanover
2017,483,642,898,1131,Northampton
2017,666,812,1182,1431,Onslow
2017,834,978,1332,1481,Orange
2017,526,642,935,1131,Pamlico
2017,621,826,1153,1389,Pasquotank
2017,621,717,948,1263,Pender
2017,593,788,1052,1086,Perquimans
2017,525,676,882,954,Person
2017,626,790,1115,1315,Pitt
2017,581,772,966,1077,Polk
2017,655,763,1025,1228,Randolph
2017,526,642,864,964,Richmond
2017,483,642,812,946,Robeson
2017,483,642,837,885,Rockingham
2017,554,699,913,986,Rowan
2017,544,642,853,1032,Rutherford
2017,527,642,878,952,Sampson
2017,485,644,830,948,Scotland
2017,496,642,873,1131,Stanly
2017,611,753,1038,1229,Stokes
2017,527,642,900,1131,Surry
2017,518,642,803,1131,Swain
2017,567,654,894,1031,Transylvania
2017,522,642,935,1012,Tyrrell
2017,784,907,1230,1560,Union
2017,514,642,841,959,Vance
2017,861,993,1294,1592,Wake
2017,483,642,932,1090,Warren
2017,586,720,901,1189,Washington
2017,672,887,1228,1244,Watauga
2017,505,671,900,1078,Wayne
2017,549,642,848,1061,Wilkes
2017,636,770,1058,1061,Wilson
2017,611,753,1038,1229,Yadkin
2017,508,675,945,1065,Yancey
2016,642,809,1101,1208,Alamance
2016,553,665,852,1015,Alexander
2016,538,648,885,888,Alleghany
2016,560,648,908,1131,Anson
2016,484,648,910,961,Ashe
2016,591,713,965,1122,Avery
2016,504,648,926,982,Beaufort
2016,484,648,842,888,Bertie
2016,484,648,804,888,Bladen
2016,675,825,1052,1232,Brunswick
2016,664,819,1073,1360,Buncombe
2016,553,665,852,1015,Burke
2016,745,864,1173,1469,Cabarrus
2016,553,665,852,1015,Caldwell
2016,669,819,1055,1430,Camden
2016,669,818,1091,1419,Carteret
2016,484,648,944,1131,Caswell
2016,553,665,852,1015,Catawba
2016,796,937,1262,1405,Chatham
2016,484,648,939,1037,Cherokee
2016,573,663,950,1043,Chowan
2016,560,648,828,1020,Clay
2016,531,648,870,1088,Cleveland
2016,519,648,823,948,Columbus
2016,684,916,1281,1495,Craven
2016,665,835,1143,1417,Cumberland
2016,953,1150,1601,2008,Currituck
2016,678,908,1277,1502,Dare
2016,527,648,923,962,Davidson
2016,569,698,974,1105,Davie
2016,526,648,841,1024,Duplin
2016,796,937,1262,1405,Durham
2016,540,671,908,1010,Edgecombe
2016,569,698,974,1105,Forsyth
2016,818,947,1228,1513,Franklin
2016,745,864,1173,1469,Gaston
2016,537,648,944,1131,Gates
2016,509,648,895,1131,Graham
2016,548,734,911,1049,Granville
2016,529,648,804,888,Greene
2016,637,741,1003,1185,Guilford
2016,548,648,846,989,Halifax
2016,524,702,941,1226,Harnett
2016,541,724,928,1264,Haywood
2016,664,819,1073,1360,Henderson
2016,532,670,834,1054,Hertford
2016,501,671,978,1112,Hoke
2016,653,799,991,1257,Hyde
2016,738,854,1082,1491,Iredell
2016,512,648,804,984,Jackson
2016,818,947,1228,1513,Johnston
2016,484,648,845,1024,Jones
2016,574,703,872,964,Lee
2016,496,650,823,1e3,Lenoir
2016,667,772,1050,1348,Lincoln
2016,528,648,813,962,McDowell
2016,552,704,883,1044,Macon
2016,664,819,1073,1360,Madison
2016,484,648,822,888,Martin
2016,745,864,1173,1469,Mecklenburg
2016,484,648,820,1020,Mitchell
2016,526,648,888,1036,Montgomery
2016,674,780,1065,1069,Moore
2016,540,671,908,1010,Nash
2016,690,897,1260,1514,New Hanover
2016,484,648,888,1131,Northampton
2016,656,792,1154,1383,Onslow
2016,796,937,1262,1405,Orange
2016,521,676,985,1180,Pamlico
2016,625,837,1158,1415,Pasquotank
2016,593,686,915,1198,Pender
2016,592,792,1094,1246,Perquimans
2016,499,648,804,914,Person
2016,583,742,1034,1261,Pitt
2016,551,737,915,1088,Polk
2016,637,741,1003,1185,Randolph
2016,536,648,871,967,Richmond
2016,484,648,812,962,Robeson
2016,484,648,827,888,Rockingham
2016,531,684,885,1007,Rowan
2016,629,733,983,1140,Rutherford
2016,552,648,891,960,Sampson
2016,492,659,853,975,Scotland
2016,484,648,885,1131,Stanly
2016,569,698,974,1105,Stokes
2016,583,685,978,1196,Surry
2016,533,648,804,1049,Swain
2016,546,656,920,1032,Transylvania
2016,529,648,944,1020,Tyrrell
2016,745,864,1173,1469,Union
2016,495,649,828,1016,Vance
2016,818,947,1228,1513,Wake
2016,484,648,944,1131,Warren
2016,544,666,826,1163,Washington
2016,675,872,1191,1195,Watauga
2016,557,746,1001,1150,Wayne
2016,560,648,847,1094,Wilkes
2016,540,723,984,991,Wilson
2016,569,698,974,1105,Yadkin
2016,527,671,958,1056,Yancey
2015,551,695,903,929,Alamance
2015,533,632,827,1028,Alexander
2015,533,632,905,908,Alleghany
2015,533,632,925,1119,Anson
2015,482,632,787,845,Ashe
2015,524,709,1045,1048,Avery
2015,492,632,931,1050,Beaufort
2015,467,632,837,845,Bertie
2015,467,632,787,845,Bladen
2015,685,847,1117,1274,Brunswick
2015,723,857,1100,1426,Buncombe
2015,533,632,827,1028,Burke
2015,701,831,1120,1389,Cabarrus
2015,533,632,827,1028,Caldwell
2015,647,808,1006,1216,Camden
2015,691,819,1171,1451,Carteret
2015,467,632,904,979,Caswell
2015,533,632,827,1028,Catawba
2015,737,874,1127,1320,Chatham
2015,467,632,835,1073,Cherokee
2015,533,632,838,1119,Chowan
2015,533,632,931,1119,Clay
2015,501,632,877,917,Cleveland
2015,516,632,787,845,Columbus
2015,562,761,987,1328,Craven
2015,605,774,1035,1303,Cumberland
2015,920,1107,1530,1926,Currituck
2015,653,883,1239,1480,Dare
2015,502,632,880,996,Davidson
2015,561,687,991,1046,Davie
2015,502,632,787,923,Duplin
2015,737,874,1127,1320,Durham
2015,533,659,899,948,Edgecombe
2015,561,687,991,1046,Forsyth
2015,774,918,1189,1477,Franklin
2015,701,831,1120,1389,Gaston
2015,506,632,840,1111,Gates
2015,467,632,931,1119,Graham
2015,572,681,848,925,Granville
2015,467,632,793,845,Greene
2015,594,704,957,1080,Guilford
2015,534,645,841,1138,Halifax
2015,515,697,927,1137,Harnett
2015,629,811,1125,1436,Haywood
2015,723,857,1100,1426,Henderson
2015,533,632,787,1119,Hertford
2015,494,632,879,1090,Hoke
2015,623,779,970,1041,Hyde
2015,609,722,937,1276,Iredell
2015,511,654,848,1065,Jackson
2015,774,918,1189,1477,Johnston
2015,533,632,828,845,Jones
2015,593,703,876,939,Lee
2015,493,644,802,881,Lenoir
2015,533,632,861,864,Lincoln
2015,467,632,789,1034,McDowell
2015,535,724,902,968,Macon
2015,723,857,1100,1426,Madison
2015,533,632,787,845,Martin
2015,701,831,1120,1389,Mecklenburg
2015,467,632,813,951,Mitchell
2015,499,632,829,949,Montgomery
2015,657,790,1158,1393,Moore
2015,533,659,899,948,Nash
2015,685,847,1117,1274,New Hanover
2015,473,632,843,1084,Northampton
2015,629,773,1087,1369,Onslow
2015,737,874,1127,1320,Orange
2015,467,632,902,1106,Pamlico
2015,622,782,1051,1233,Pasquotank
2015,497,672,990,1120,Pender
2015,569,675,995,1196,Perquimans
2015,490,663,826,950,Person
2015,533,689,934,1220,Pitt
2015,551,728,907,1210,Polk
2015,594,704,957,1080,Randolph
2015,533,632,837,845,Richmond
2015,485,632,802,973,Robeson
2015,500,632,787,845,Rockingham
2015,524,678,903,1041,Rowan
2015,533,632,896,1052,Rutherford
2015,509,632,853,981,Sampson
2015,490,663,848,886,Scotland
2015,480,632,873,1103,Stanly
2015,561,687,991,1046,Stokes
2015,533,632,931,1119,Surry
2015,477,646,805,974,Swain
2015,498,652,868,872,Transylvania
2015,533,632,809,951,Tyrrell
2015,701,831,1120,1389,Union
2015,486,657,818,958,Vance
2015,774,918,1189,1477,Wake
2015,480,632,931,1119,Warren
2015,659,824,1181,1391,Washington
2015,656,844,1183,1377,Watauga
2015,471,637,830,1015,Wayne
2015,533,632,787,1055,Wilkes
2015,528,715,951,956,Wilson
2015,561,687,991,1046,Yadkin
2015,477,632,795,845,Yancey
2014,542,684,889,914,Alamance
2014,537,637,833,1037,Alexander
2014,537,637,912,915,Alleghany
2014,537,637,932,1128,Anson
2014,486,637,793,851,Ashe
2014,520,703,1036,1039,Avery
2014,496,637,939,1059,Beaufort
2014,471,637,844,851,Bertie
2014,471,637,793,851,Bladen
2014,661,818,1078,1230,Brunswick
2014,606,719,922,1197,Buncombe
2014,537,637,833,1037,Burke
2014,686,813,1096,1359,Cabarrus
2014,537,637,833,1037,Caldwell
2014,646,807,1005,1215,Camden
2014,583,691,988,1224,Carteret
2014,471,637,911,987,Caswell
2014,537,637,833,1037,Catawba
2014,711,843,1087,1273,Chatham
2014,471,637,842,1082,Cherokee
2014,537,637,845,1128,Chowan
2014,537,637,939,1128,Clay
2014,511,644,893,935,Cleveland
2014,520,637,793,851,Columbus
2014,584,790,1025,1379,Craven
2014,638,816,1091,1374,Cumberland
2014,939,1130,1562,1966,Currituck
2014,690,934,1310,1566,Dare
2014,506,637,887,1004,Davidson
2014,566,693,1e3,1055,Davie
2014,506,637,793,931,Duplin
2014,711,843,1087,1273,Durham
2014,545,673,918,968,Edgecombe
2014,566,693,1e3,1055,Forsyth
2014,722,856,1108,1377,Franklin
2014,686,813,1096,1359,Gaston
2014,510,637,847,1119,Gates
2014,471,637,939,1128,Graham
2014,615,732,912,994,Granville
2014,471,637,800,851,Greene
2014,598,709,964,1087,Guilford
2014,527,637,830,1124,Halifax
2014,524,709,943,1156,Harnett
2014,519,669,928,1185,Haywood
2014,606,719,922,1197,Henderson
2014,537,637,793,1128,Hertford
2014,518,663,922,1143,Hoke
2014,639,799,995,1068,Hyde
2014,653,774,1004,1368,Iredell
2014,529,676,877,1100,Jackson
2014,722,856,1108,1377,Johnston
2014,577,684,896,914,Jones
2014,617,731,910,977,Lee
2014,498,650,810,889,Lenoir
2014,537,637,868,871,Lincoln
2014,471,637,795,1042,McDowell
2014,527,713,888,953,Macon
2014,606,719,922,1197,Madison
2014,537,637,793,851,Martin
2014,686,813,1096,1359,Mecklenburg
2014,471,637,819,959,Mitchell
2014,503,637,835,956,Montgomery
2014,532,640,938,1128,Moore
2014,545,673,918,968,Nash
2014,661,818,1078,1230,New Hanover
2014,477,637,850,1093,Northampton
2014,616,757,1065,1341,Onslow
2014,711,843,1087,1273,Orange
2014,471,637,909,1114,Pamlico
2014,589,741,995,1168,Pasquotank
2014,487,659,971,1098,Pender
2014,627,743,1095,1316,Perquimans
2014,499,675,841,968,Person
2014,531,686,929,1215,Pitt
2014,486,642,800,1067,Polk
2014,598,709,964,1087,Randolph
2014,537,637,844,851,Richmond
2014,489,637,808,981,Robeson
2014,504,637,793,851,Rockingham
2014,514,665,885,1021,Rowan
2014,537,637,903,1061,Rutherford
2014,513,637,860,989,Sampson
2014,475,642,821,858,Scotland
2014,483,637,880,1112,Stanly
2014,566,693,1e3,1055,Stokes
2014,537,637,939,1128,Surry
2014,538,728,907,1098,Swain
2014,495,647,862,865,Transylvania
2014,537,637,816,959,Tyrrell
2014,686,813,1096,1359,Union
2014,489,662,824,965,Vance
2014,722,856,1108,1377,Wake
2014,484,637,939,1128,Warren
2014,510,637,913,1076,Washington
2014,627,807,1132,1317,Watauga
2014,511,691,901,1101,Wayne
2014,537,637,793,1064,Wilkes
2014,594,803,1068,1073,Wilson
2014,566,693,1e3,1055,Yadkin
2014,481,637,801,851,Yancey
2013,557,702,913,938,Alamance
2013,514,610,798,993,Alexander
2013,514,610,874,877,Alleghany
2013,514,610,893,1080,Anson
2013,465,610,760,815,Ashe
2013,520,704,1037,1041,Avery
2013,475,610,899,1014,Beaufort
2013,455,615,814,822,Bertie
2013,451,610,760,815,Bladen
2013,660,816,1076,1227,Brunswick
2013,655,777,997,1293,Buncombe
2013,514,610,798,993,Burke
2013,669,793,1069,1326,Cabarrus
2013,514,610,798,993,Caldwell
2013,680,849,1057,1278,Camden
2013,602,714,1021,1265,Carteret
2013,451,610,873,945,Caswell
2013,514,610,798,993,Catawba
2013,708,839,1082,1267,Chatham
2013,451,610,806,1036,Cherokee
2013,549,651,863,1153,Chowan
2013,514,610,899,1080,Clay
2013,484,610,846,885,Cleveland
2013,498,610,760,815,Columbus
2013,560,758,983,1323,Craven
2013,584,747,999,1258,Cumberland
2013,944,1136,1570,1976,Currituck
2013,683,924,1296,1549,Dare
2013,485,610,850,961,Davidson
2013,554,678,978,1032,Davie
2013,485,610,760,891,Duplin
2013,708,839,1082,1267,Durham
2013,513,634,865,912,Edgecombe
2013,554,678,978,1032,Forsyth
2013,741,878,1137,1412,Franklin
2013,669,793,1069,1326,Gaston
2013,491,613,815,1077,Gates
2013,451,610,899,1080,Graham
2013,607,722,899,980,Granville
2013,451,610,766,815,Greene
2013,591,701,953,1075,Guilford
2013,505,610,795,1076,Halifax
2013,557,754,1002,1229,Harnett
2013,560,721,1e3,1277,Haywood
2013,655,777,997,1293,Henderson
2013,535,634,790,1123,Hertford
2013,489,626,871,1079,Hoke
2013,635,793,988,1060,Hyde
2013,616,730,947,1290,Iredell
2013,502,642,833,1045,Jackson
2013,741,878,1137,1412,Johnston
2013,514,610,799,815,Jones
2013,564,669,833,894,Lee
2013,490,640,797,875,Lenoir
2013,514,610,831,834,Lincoln
2013,451,610,761,998,McDowell
2013,517,700,872,935,Macon
2013,655,777,997,1293,Madison
2013,514,610,760,815,Martin
2013,669,793,1069,1326,Mecklenburg
2013,451,610,785,918,Mitchell
2013,482,610,800,916,Montgomery
2013,507,610,894,1076,Moore
2013,513,634,865,912,Nash
2013,660,816,1076,1227,New Hanover
2013,457,610,814,1047,Northampton
2013,671,824,1159,1459,Onslow
2013,708,839,1082,1267,Orange
2013,453,613,875,1072,Pamlico
2013,586,737,990,1162,Pasquotank
2013,462,625,921,1041,Pender
2013,514,610,899,1080,Perquimans
2013,478,647,806,927,Person
2013,545,704,954,1247,Pitt
2013,484,640,797,1064,Polk
2013,591,701,953,1075,Randolph
2013,514,610,808,815,Richmond
2013,468,610,774,939,Robeson
2013,483,611,761,817,Rockingham
2013,504,652,868,1001,Rowan
2013,514,610,865,1016,Rutherford
2013,491,610,824,947,Sampson
2013,460,622,795,831,Scotland
2013,465,613,847,1070,Stanly
2013,554,678,978,1032,Stokes
2013,514,610,899,1080,Surry
2013,546,739,920,1114,Swain
2013,498,651,867,870,Transylvania
2013,514,610,781,918,Tyrrell
2013,669,793,1069,1326,Union
2013,495,670,834,977,Vance
2013,741,878,1137,1412,Wake
2013,464,610,899,1080,Warren
2013,488,610,874,1030,Washington
2013,627,806,1130,1315,Watauga
2013,452,611,797,974,Wayne
2013,514,610,760,1019,Wilkes
2013,520,703,935,939,Wilson
2013,554,678,978,1032,Yadkin
2013,461,610,767,815,Yancey
2012,614,716,972,1002,Alamance
2012,516,593,761,886,Alexander
2012,510,584,766,790,Alleghany
2012,522,584,821,867,Anson
2012,485,584,772,913,Ashe
2012,574,678,811,957,Avery
2012,518,610,734,755,Beaufort
2012,507,584,699,721,Bertie
2012,466,591,861,930,Bladen
2012,668,807,1131,1163,Brunswick
2012,617,704,943,1236,Buncombe
2012,516,593,761,886,Burke
2012,713,791,997,1160,Cabarrus
2012,516,593,761,886,Caldwell
2012,711,839,1133,1161,Camden
2012,567,681,992,1194,Carteret
2012,478,584,714,745,Caswell
2012,516,593,761,886,Catawba
2012,695,779,1018,1098,Chatham
2012,492,584,849,1023,Cherokee
2012,572,675,911,934,Chowan
2012,489,586,769,895,Clay
2012,507,609,802,901,Cleveland
2012,526,584,700,720,Columbus
2012,637,730,984,1229,Craven
2012,617,689,978,1158,Cumberland
2012,919,1064,1454,1753,Currituck
2012,798,979,1294,1331,Dare
2012,515,620,808,923,Davidson
2012,533,618,842,990,Davie
2012,524,584,739,762,Duplin
2012,695,779,1018,1098,Durham
2012,484,616,765,788,Edgecombe
2012,533,618,842,990,Forsyth
2012,763,849,1067,1105,Franklin
2012,713,791,997,1160,Gaston
2012,504,595,803,823,Gates
2012,487,584,766,892,Graham
2012,599,720,899,1068,Granville
2012,486,584,825,852,Greene
2012,586,653,827,885,Guilford
2012,541,599,762,874,Halifax
2012,613,680,918,1194,Harnett
2012,513,640,829,1073,Haywood
2012,617,704,943,1236,Henderson
2012,533,594,779,801,Hertford
2012,527,584,799,975,Hoke
2012,650,767,1035,1062,Hyde
2012,599,717,950,1240,Iredell
2012,516,614,806,832,Jackson
2012,763,849,1067,1105,Johnston
2012,488,584,808,1028,Jones
2012,559,631,775,1107,Lee
2012,476,626,748,1074,Lenoir
2012,547,608,734,755,Lincoln
2012,452,584,721,742,McDowell
2012,508,655,796,1149,Macon
2012,617,704,943,1236,Madison
2012,515,584,756,778,Martin
2012,713,791,997,1160,Mecklenburg
2012,494,584,698,825,Mitchell
2012,526,584,728,1026,Montgomery
2012,517,651,936,1142,Moore
2012,484,616,765,788,Nash
2012,668,807,1131,1163,New Hanover
2012,515,584,743,764,Northampton
2012,621,698,980,1150,Onslow
2012,695,779,1018,1098,Orange
2012,545,641,807,830,Pamlico
2012,577,686,996,1026,Pasquotank
2012,510,613,806,829,Pender
2012,495,584,788,808,Perquimans
2012,534,644,769,882,Person
2012,556,685,949,980,Pitt
2012,484,594,743,766,Polk
2012,586,653,827,885,Randolph
2012,526,584,734,757,Richmond
2012,503,584,701,780,Robeson
2012,493,584,725,748,Rockingham
2012,597,663,946,1010,Rowan
2012,478,584,699,720,Rutherford
2012,495,584,811,1028,Sampson
2012,495,628,763,951,Scotland
2012,506,619,843,917,Stanly
2012,533,618,842,990,Stokes
2012,525,584,780,802,Surry
2012,544,652,855,996,Swain
2012,600,664,838,884,Transylvania
2012,495,584,788,808,Tyrrell
2012,713,791,997,1160,Union
2012,543,653,782,806,Vance
2012,763,849,1067,1105,Wake
2012,487,584,714,734,Warren
2012,512,584,701,719,Washington
2012,621,781,950,1226,Watauga
2012,533,624,781,1044,Wayne
2012,489,584,749,780,Wilkes
2012,608,738,883,937,Wilson
2012,533,618,842,990,Yadkin
2012,485,584,697,718,Yancey
2011,649,756,1027,1058,Alamance
2011,543,624,801,932,Alexander
2011,520,596,782,806,Alleghany
2011,533,596,838,884,Anson
2011,495,596,788,932,Ashe
2011,558,659,788,931,Avery
2011,506,596,718,738,Beaufort
2011,518,596,713,735,Bertie
2011,470,596,868,938,Bladen
2011,664,802,1124,1156,Brunswick
2011,589,672,900,1180,Buncombe
2011,543,624,801,932,Burke
2011,738,819,1032,1201,Cabarrus
2011,543,624,801,932,Caldwell
2011,566,668,902,925,Camden
2011,537,645,939,1131,Carteret
2011,492,602,736,768,Caswell
2011,543,624,801,932,Catawba
2011,750,841,1099,1185,Chatham
2011,502,596,866,1044,Cherokee
2011,566,668,902,925,Chowan
2011,497,596,782,911,Clay
2011,577,694,914,1026,Cleveland
2011,537,596,714,735,Columbus
2011,560,642,865,1081,Craven
2011,618,690,980,1159,Cumberland
2011,834,965,1319,1590,Currituck
2011,665,816,1079,1110,Dare
2011,505,609,794,907,Davidson
2011,559,648,883,1038,Davie
2011,535,596,754,777,Duplin
2011,750,841,1099,1185,Durham
2011,468,596,740,762,Edgecombe
2011,559,648,883,1038,Forsyth
2011,779,867,1090,1129,Franklin
2011,738,819,1032,1201,Gaston
2011,566,668,902,925,Gates
2011,497,596,782,911,Graham
2011,542,651,812,966,Granville
2011,496,596,842,870,Greene
2011,611,681,863,923,Guilford
2011,538,596,758,870,Halifax
2011,543,602,813,1057,Harnett
2011,516,644,834,1079,Haywood
2011,589,672,900,1180,Henderson
2011,535,596,782,804,Hertford
2011,575,637,872,1063,Hoke
2011,566,668,902,925,Hyde
2011,595,712,943,1231,Iredell
2011,526,626,822,848,Jackson
2011,779,867,1090,1129,Johnston
2011,535,640,886,1126,Jones
2011,587,662,814,1162,Lee
2011,454,596,712,1023,Lenoir
2011,565,629,760,781,Lincoln
2011,503,650,803,826,McDowell
2011,483,623,757,1093,Macon
2011,589,672,900,1180,Madison
2011,525,596,772,794,Martin
2011,738,819,1032,1201,Mecklenburg
2011,558,659,788,931,Mitchell
2011,536,596,743,1047,Montgomery
2011,540,680,978,1193,Moore
2011,468,596,740,762,Nash
2011,664,802,1124,1156,New Hanover
2011,525,596,758,780,Northampton
2011,560,629,883,1037,Onslow
2011,750,841,1099,1185,Orange
2011,507,596,750,772,Pamlico
2011,555,660,958,987,Pasquotank
2011,526,632,831,854,Pender
2011,566,668,902,925,Perquimans
2011,526,634,757,868,Person
2011,528,651,902,932,Pitt
2011,545,669,836,862,Polk
2011,611,681,863,923,Randolph
2011,537,596,749,772,Richmond
2011,514,596,715,796,Robeson
2011,503,596,740,763,Rockingham
2011,604,670,956,1021,Rowan
2011,533,652,780,804,Rutherford
2011,505,596,828,1049,Sampson
2011,486,616,748,933,Scotland
2011,492,602,820,892,Stanly
2011,559,648,883,1038,Stokes
2011,536,596,796,819,Surry
2011,497,596,782,911,Swain
2011,688,762,962,1014,Transylvania
2011,566,668,902,925,Tyrrell
2011,738,819,1032,1201,Union
2011,495,596,714,736,Vance
2011,779,867,1090,1129,Wake
2011,500,599,732,753,Warren
2011,552,629,755,775,Washington
2011,595,749,911,1176,Watauga
2011,524,613,767,1026,Wayne
2011,499,596,765,796,Wilkes
2011,554,672,804,853,Wilson
2011,559,648,883,1038,Yadkin
2011,495,596,712,733,Yancey
2010,657,766,1040,1072,Alamance
2010,551,633,812,946,Alexander
2010,513,588,771,795,Alleghany
2010,526,588,827,873,Anson
2010,489,588,777,919,Ashe
2010,565,668,799,943,Avery
2010,499,588,708,728,Beaufort
2010,511,588,704,726,Bertie
2010,464,588,857,926,Bladen
2010,673,813,1139,1172,Brunswick
2010,608,694,930,1219,Buncombe
2010,551,633,812,946,Burke
2010,726,806,1016,1182,Cabarrus
2010,551,633,812,946,Caldwell
2010,573,677,914,937,Camden
2010,544,654,952,1147,Carteret
2010,500,611,747,780,Caswell
2010,551,633,812,946,Catawba
2010,742,832,1087,1172,Chatham
2010,495,588,854,1030,Cherokee
2010,573,677,914,937,Chowan
2010,490,588,771,898,Clay
2010,586,704,927,1041,Cleveland
2010,530,588,704,725,Columbus
2010,568,651,878,1096,Craven
2010,627,700,994,1176,Cumberland
2010,807,934,1277,1539,Currituck
2010,674,827,1093,1125,Dare
2010,512,617,804,919,Davidson
2010,577,669,912,1072,Davie
2010,528,588,744,767,Duplin
2010,742,832,1087,1172,Durham
2010,462,588,730,752,Edgecombe
2010,577,669,912,1072,Forsyth
2010,770,856,1076,1115,Franklin
2010,726,806,1016,1182,Gaston
2010,573,677,914,937,Gates
2010,490,588,771,898,Graham
2010,550,661,825,981,Granville
2010,490,588,831,858,Greene
2010,631,703,891,953,Guilford
2010,531,588,748,858,Halifax
2010,551,611,825,1073,Harnett
2010,524,653,846,1094,Haywood
2010,608,694,930,1219,Henderson
2010,527,588,771,793,Hertford
2010,583,646,884,1078,Hoke
2010,573,677,914,937,Hyde
2010,604,722,957,1248,Iredell
2010,534,635,834,860,Jackson
2010,770,856,1076,1115,Johnston
2010,543,649,898,1142,Jones
2010,595,672,826,1179,Lee
2010,449,590,705,1012,Lenoir
2010,574,638,771,792,Lincoln
2010,511,660,815,838,McDowell
2010,490,632,768,1109,Macon
2010,608,694,930,1219,Madison
2010,518,588,761,783,Martin
2010,726,806,1016,1182,Mecklenburg
2010,565,668,799,943,Mitchell
2010,529,588,733,1033,Montgomery
2010,548,690,992,1210,Moore
2010,462,588,730,752,Nash
2010,673,813,1139,1172,New Hanover
2010,518,588,748,769,Northampton
2010,568,638,896,1051,Onslow
2010,742,832,1087,1172,Orange
2010,500,588,740,761,Pamlico
2010,563,669,971,1e3,Pasquotank
2010,533,641,843,867,Pender
2010,573,677,914,937,Perquimans
2010,521,628,750,860,Person
2010,536,661,916,946,Pitt
2010,553,678,848,874,Polk
2010,631,703,891,953,Randolph
2010,530,588,739,762,Richmond
2010,507,588,706,786,Robeson
2010,509,603,749,772,Rockingham
2010,612,679,969,1035,Rowan
2010,542,662,792,816,Rutherford
2010,499,588,817,1035,Sampson
2010,493,625,759,946,Scotland
2010,500,611,832,906,Stanly
2010,577,669,912,1072,Stokes
2010,529,588,786,808,Surry
2010,490,588,771,898,Swain
2010,698,773,976,1029,Transylvania
2010,573,677,914,937,Tyrrell
2010,726,806,1016,1182,Union
2010,493,593,710,732,Vance
2010,770,856,1076,1115,Wake
2010,506,607,742,763,Warren
2010,560,638,766,786,Washington
2010,604,760,924,1193,Watauga
2010,531,622,779,1041,Wayne
2010,493,588,754,786,Wilkes
2010,562,682,816,865,Wilson
2010,577,669,912,1072,Yadkin
2010,489,588,702,723,Yancey
2009,637,742,1008,1038,Alamance
2009,534,614,788,917,Alexander
2009,504,577,757,780,Alleghany
2009,516,577,811,856,Anson
2009,479,577,763,902,Ashe
2009,547,647,774,914,Avery
2009,490,577,695,714,Beaufort
2009,501,577,691,712,Bertie
2009,455,577,841,908,Bladen
2009,652,787,1103,1134,Brunswick
2009,604,690,925,1212,Buncombe
2009,534,614,788,917,Burke
2009,682,757,954,1110,Cabarrus
2009,534,614,788,917,Caldwell
2009,556,656,886,908,Camden
2009,527,634,923,1112,Carteret
2009,484,592,723,755,Caswell
2009,534,614,788,917,Catawba
2009,738,827,1081,1165,Chatham
2009,486,577,838,1010,Cherokee
2009,556,656,886,908,Chowan
2009,481,577,757,882,Clay
2009,567,682,898,1009,Cleveland
2009,520,577,691,711,Columbus
2009,549,630,849,1061,Craven
2009,607,678,963,1139,Cumberland
2009,781,904,1236,1490,Currituck
2009,654,802,1060,1091,Dare
2009,496,598,779,890,Davidson
2009,575,666,908,1067,Davie
2009,518,577,730,752,Duplin
2009,738,827,1081,1165,Durham
2009,453,577,717,738,Edgecombe
2009,575,666,908,1067,Forsyth
2009,715,795,999,1035,Franklin
2009,682,757,954,1110,Gaston
2009,556,656,886,908,Gates
2009,481,577,757,882,Graham
2009,532,640,799,950,Granville
2009,481,577,815,842,Greene
2009,627,699,886,947,Guilford
2009,521,577,734,842,Halifax
2009,534,592,799,1040,Harnett
2009,508,633,820,1061,Haywood
2009,604,690,925,1212,Henderson
2009,518,577,757,778,Hertford
2009,565,626,857,1045,Hoke
2009,556,656,886,908,Hyde
2009,585,700,928,1210,Iredell
2009,517,615,807,833,Jackson
2009,715,795,999,1035,Johnston
2009,526,629,871,1107,Jones
2009,578,652,801,1144,Lee
2009,439,577,690,990,Lenoir
2009,556,618,747,768,Lincoln
2009,495,639,789,812,McDowell
2009,476,613,745,1075,Macon
2009,604,690,925,1212,Madison
2009,508,577,747,769,Martin
2009,682,757,954,1110,Mecklenburg
2009,547,647,774,914,Mitchell
2009,519,577,720,1013,Montgomery
2009,531,669,962,1173,Moore
2009,453,577,717,738,Nash
2009,652,787,1103,1134,New Hanover
2009,508,577,734,755,Northampton
2009,550,618,868,1018,Onslow
2009,738,827,1081,1165,Orange
2009,490,577,726,747,Pamlico
2009,545,648,941,969,Pasquotank
2009,517,621,817,840,Pender
2009,556,656,886,908,Perquimans
2009,505,609,727,834,Person
2009,519,640,887,916,Pitt
2009,535,657,821,847,Polk
2009,627,699,886,947,Randolph
2009,520,577,725,748,Richmond
2009,497,577,692,771,Robeson
2009,493,584,725,748,Rockingham
2009,593,658,939,1003,Rowan
2009,524,641,767,790,Rutherford
2009,489,577,801,1016,Sampson
2009,478,606,736,917,Scotland
2009,484,592,806,877,Stanly
2009,575,666,908,1067,Stokes
2009,519,577,771,793,Surry
2009,481,577,757,882,Swain
2009,665,736,929,980,Transylvania
2009,556,656,886,908,Tyrrell
2009,682,757,954,1110,Union
2009,479,577,691,713,Vance
2009,715,795,999,1035,Wake
2009,490,588,719,739,Warren
2009,542,618,742,761,Washington
2009,586,737,896,1157,Watauga
2009,515,603,755,1009,Wayne
2009,484,577,740,771,Wilkes
2009,545,661,791,839,Wilson
2009,575,666,908,1067,Yadkin
2009,479,577,689,710,Yancey
2008,619,722,980,1010,Alamance
2008,520,598,767,893,Alexander
2008,485,555,728,750,Alleghany
2008,496,555,780,824,Anson
2008,461,555,734,867,Ashe
2008,533,630,753,890,Avery
2008,471,555,668,687,Beaufort
2008,482,555,664,685,Bertie
2008,438,555,809,874,Bladen
2008,635,767,1075,1105,Brunswick
2008,609,695,931,1220,Buncombe
2008,520,598,767,893,Burke
2008,667,740,932,1085,Cabarrus
2008,520,598,767,893,Caldwell
2008,541,639,863,884,Camden
2008,514,618,900,1084,Carteret
2008,472,577,705,736,Caswell
2008,520,598,767,893,Catawba
2008,710,796,1040,1122,Chatham
2008,467,555,806,972,Cherokee
2008,541,639,863,884,Chowan
2008,463,555,728,848,Clay
2008,553,665,876,984,Cleveland
2008,500,555,665,684,Columbus
2008,535,614,828,1034,Craven
2008,591,660,937,1109,Cumberland
2008,787,904,1247,1561,Currituck
2008,637,781,1032,1062,Dare
2008,484,583,760,868,Davidson
2008,563,652,889,1045,Davie
2008,498,555,702,724,Duplin
2008,710,796,1040,1122,Durham
2008,436,555,689,710,Edgecombe
2008,563,652,889,1045,Forsyth
2008,717,797,1002,1038,Franklin
2008,667,740,932,1085,Gaston
2008,541,639,863,884,Gates
2008,463,555,728,848,Graham
2008,519,624,779,926,Granville
2008,462,555,784,810,Greene
2008,645,719,911,974,Guilford
2008,501,555,706,810,Halifax
2008,520,577,779,1013,Harnett
2008,495,617,799,1034,Haywood
2008,609,695,931,1220,Henderson
2008,498,555,728,749,Hertford
2008,551,610,835,1018,Hoke
2008,541,639,863,884,Hyde
2008,569,681,902,1177,Iredell
2008,504,599,786,812,Jackson
2008,717,797,1002,1038,Johnston
2008,512,612,847,1077,Jones
2008,563,635,780,1114,Lee
2008,424,557,666,956,Lenoir
2008,541,602,727,748,Lincoln
2008,482,623,769,791,McDowell
2008,463,597,725,1047,Macon
2008,609,695,931,1220,Madison
2008,489,555,719,739,Martin
2008,667,740,932,1085,Mecklenburg
2008,533,630,753,890,Mitchell
2008,500,555,692,975,Montgomery
2008,517,651,936,1142,Moore
2008,436,555,689,710,Nash
2008,635,767,1075,1105,New Hanover
2008,489,555,706,726,Northampton
2008,537,603,847,994,Onslow
2008,710,796,1040,1122,Orange
2008,472,555,699,719,Pamlico
2008,531,631,916,943,Pasquotank
2008,503,605,796,818,Pender
2008,541,639,863,884,Perquimans
2008,487,587,701,804,Person
2008,506,624,865,893,Pitt
2008,522,640,800,825,Polk
2008,645,719,911,974,Randolph
2008,500,555,698,719,Richmond
2008,478,555,666,741,Robeson
2008,480,569,707,729,Rockingham
2008,578,641,915,977,Rowan
2008,511,625,748,771,Rutherford
2008,471,555,771,977,Sampson
2008,466,590,717,893,Scotland
2008,472,577,786,855,Stanly
2008,563,652,889,1045,Stokes
2008,499,555,741,763,Surry
2008,463,555,728,848,Swain
2008,643,712,899,948,Transylvania
2008,541,639,863,884,Tyrrell
2008,667,740,932,1085,Union
2008,465,560,671,692,Vance
2008,717,797,1002,1038,Wake
2008,478,573,700,720,Warren
2008,528,602,722,742,Washington
2008,571,718,873,1127,Watauga
2008,501,587,735,982,Wayne
2008,465,555,712,741,Wilkes
2008,531,644,771,817,Wilson
2008,563,652,889,1045,Yadkin
2008,461,555,663,683,Yancey
2007,601,700,951,979,Alamance
2007,480,552,708,825,Alexander
2007,453,519,681,702,Alleghany
2007,464,519,730,770,Anson
2007,431,519,686,811,Ashe
2007,495,585,700,826,Avery
2007,441,519,625,643,Beaufort
2007,451,519,621,640,Bertie
2007,409,519,756,817,Bladen
2007,589,711,996,1025,Brunswick
2007,543,620,831,1089,Buncombe
2007,480,552,708,825,Burke
2007,637,707,891,1036,Cabarrus
2007,480,552,708,825,Caldwell
2007,502,593,801,821,Camden
2007,478,575,837,1009,Carteret
2007,438,536,655,684,Caswell
2007,480,552,708,825,Catawba
2007,700,785,1026,1106,Chatham
2007,437,519,754,909,Cherokee
2007,502,593,801,821,Chowan
2007,433,519,681,793,Clay
2007,515,619,815,916,Cleveland
2007,468,519,622,640,Columbus
2007,495,568,766,957,Craven
2007,548,612,869,1028,Cumberland
2007,735,844,1164,1458,Currituck
2007,591,725,958,986,Dare
2007,469,565,736,841,Davidson
2007,552,640,872,1025,Davie
2007,466,519,657,677,Duplin
2007,700,785,1026,1106,Durham
2007,472,601,746,769,Edgecombe
2007,552,640,872,1025,Forsyth
2007,764,850,1068,1107,Franklin
2007,637,707,891,1036,Gaston
2007,502,593,801,821,Gates
2007,433,519,681,793,Graham
2007,482,579,723,859,Granville
2007,432,519,733,757,Greene
2007,632,705,893,955,Guilford
2007,469,519,660,757,Halifax
2007,483,536,724,941,Harnett
2007,443,552,715,925,Haywood
2007,543,620,831,1089,Henderson
2007,466,519,681,700,Hertford
2007,510,565,773,943,Hoke
2007,502,593,801,821,Hyde
2007,528,631,836,1091,Iredell
2007,493,586,769,794,Jackson
2007,764,850,1068,1107,Johnston
2007,473,566,783,996,Jones
2007,523,590,725,1035,Lee
2007,395,519,620,891,Lenoir
2007,513,571,690,709,Lincoln
2007,448,579,715,735,McDowell
2007,429,553,672,970,Macon
2007,543,620,831,1089,Madison
2007,457,519,672,691,Martin
2007,637,707,891,1036,Mecklenburg
2007,495,585,700,826,Mitchell
2007,467,519,647,911,Montgomery
2007,479,603,867,1058,Moore
2007,472,601,746,769,Nash
2007,589,711,996,1025,New Hanover
2007,457,519,660,679,Northampton
2007,496,557,782,918,Onslow
2007,700,785,1026,1106,Orange
2007,441,519,653,672,Pamlico
2007,493,586,851,876,Pasquotank
2007,466,560,736,757,Pender
2007,502,593,801,821,Perquimans
2007,457,551,658,754,Person
2007,470,579,802,829,Pitt
2007,486,596,745,768,Polk
2007,632,705,893,955,Randolph
2007,468,519,652,673,Richmond
2007,447,519,623,693,Robeson
2007,451,534,663,684,Rockingham
2007,555,616,879,939,Rowan
2007,477,583,698,719,Rutherford
2007,440,519,721,913,Sampson
2007,432,548,666,830,Scotland
2007,438,536,730,794,Stanly
2007,552,640,872,1025,Stokes
2007,467,519,693,713,Surry
2007,433,519,681,793,Swain
2007,476,527,665,701,Transylvania
2007,502,593,801,821,Tyrrell
2007,637,707,891,1036,Union
2007,432,520,623,642,Vance
2007,764,850,1068,1107,Wake
2007,442,530,648,666,Warren
2007,489,558,670,687,Washington
2007,529,665,809,1044,Watauga
2007,465,544,681,910,Wayne
2007,435,519,666,693,Wilkes
2007,492,597,715,758,Wilson
2007,552,640,872,1025,Yadkin
2007,431,519,620,638,Yancey
2006,577,673,914,942,Alamance
2006,462,531,681,793,Alexander
2006,439,503,660,680,Alleghany
2006,450,503,707,746,Anson
2006,418,503,665,786,Ashe
2006,475,562,672,794,Avery
2006,427,503,606,623,Beaufort
2006,437,503,602,621,Bertie
2006,397,503,733,792,Bladen
2006,566,683,957,984,Brunswick
2006,522,596,799,1047,Buncombe
2006,462,531,681,793,Burke
2006,613,680,857,997,Cabarrus
2006,462,531,681,793,Caldwell
2006,483,570,770,789,Camden
2006,460,553,805,970,Carteret
2006,421,515,629,657,Caswell
2006,462,531,681,793,Catawba
2006,673,755,987,1064,Chatham
2006,424,503,731,881,Cherokee
2006,483,570,770,789,Chowan
2006,420,503,660,769,Clay
2006,495,595,784,880,Cleveland
2006,453,503,603,620,Columbus
2006,476,546,736,919,Craven
2006,526,588,835,988,Cumberland
2006,706,811,1118,1401,Currituck
2006,568,697,921,948,Dare
2006,451,543,708,809,Davidson
2006,531,615,838,985,Davie
2006,452,503,636,656,Duplin
2006,673,755,987,1064,Durham
2006,454,578,718,739,Edgecombe
2006,531,615,838,985,Forsyth
2006,734,817,1027,1064,Franklin
2006,613,680,857,997,Gaston
2006,483,570,770,789,Gates
2006,420,503,660,769,Graham
2006,463,557,695,827,Granville
2006,419,503,711,734,Greene
2006,608,678,859,919,Guilford
2006,454,503,640,734,Halifax
2006,465,515,695,904,Harnett
2006,426,531,688,890,Haywood
2006,522,596,799,1047,Henderson
2006,451,503,660,679,Hertford
2006,490,543,743,906,Hoke
2006,483,570,770,789,Hyde
2006,507,607,804,1050,Iredell
2006,473,563,739,763,Jackson
2006,734,817,1027,1064,Johnston
2006,455,544,753,957,Jones
2006,502,567,697,995,Lee
2006,383,503,601,863,Lenoir
2006,494,549,663,682,Lincoln
2006,431,557,688,707,McDowell
2006,413,532,646,933,Macon
2006,522,596,799,1047,Madison
2006,443,503,651,670,Martin
2006,613,680,857,997,Mecklenburg
2006,475,562,672,794,Mitchell
2006,453,503,627,883,Montgomery
2006,461,580,834,1017,Moore
2006,454,578,718,739,Nash
2006,566,683,957,984,New Hanover
2006,443,503,640,658,Northampton
2006,476,535,751,882,Onslow
2006,673,755,987,1064,Orange
2006,428,503,633,651,Pamlico
2006,473,563,817,842,Pasquotank
2006,448,538,707,727,Pender
2006,483,570,770,789,Perquimans
2006,439,530,633,726,Person
2006,452,557,772,797,Pitt
2006,467,573,716,739,Polk
2006,608,678,859,919,Randolph
2006,453,503,632,652,Richmond
2006,434,503,604,672,Robeson
2006,433,513,637,657,Rockingham
2006,533,592,845,902,Rowan
2006,458,560,670,690,Rutherford
2006,427,503,699,885,Sampson
2006,416,527,640,798,Scotland
2006,421,515,701,763,Stanly
2006,531,615,838,985,Stokes
2006,452,503,672,691,Surry
2006,420,503,660,769,Swain
2006,458,507,640,675,Transylvania
2006,483,570,770,789,Tyrrell
2006,613,680,857,997,Union
2006,418,503,603,621,Vance
2006,734,817,1027,1064,Wake
2006,425,509,622,640,Warren
2006,470,536,643,660,Washington
2006,508,639,777,1003,Watauga
2006,447,523,655,875,Wayne
2006,422,503,645,672,Wilkes
2006,473,574,687,728,Wilson
2006,531,615,838,985,Yadkin
2006,418,503,601,619,Yancey
